timestamp_dt,total_logs,warnings,xml_payloads,function_inputs,responses,unique_correlations,warning_ratio,hour,sin_hour,cos_hour,anomaly_score
2026-01-06 13:00:00+00:00,70,14,0,12,36,14,0.2,13,-0.2588190451025208,-0.9659258262890683,1
2026-01-06 13:01:00+00:00,133,27,0,25,63,27,0.20300751879699247,13,-0.2588190451025208,-0.9659258262890683,-1
2026-01-06 13:02:00+00:00,72,14,0,13,32,15,0.19444444444444445,13,-0.2588190451025208,-0.9659258262890683,1
2026-01-06 13:03:00+00:00,25,5,0,5,9,5,0.2,13,-0.2588190451025208,-0.9659258262890683,-1
2026-01-06 13:04:00+00:00,115,23,0,22,59,23,0.2,13,-0.2588190451025208,-0.9659258262890683,1
2026-01-06 13:05:00+00:00,85,17,0,13,45,17,0.2,13,-0.2588190451025208,-0.9659258262890683,1
2026-01-06 13:06:00+00:00,100,20,0,16,56,20,0.2,13,-0.2588190451025208,-0.9659258262890683,1
2026-01-06 13:07:00+00:00,100,20,0,17,50,20,0.2,13,-0.2588190451025208,-0.9659258262890683,1
2026-01-06 13:08:00+00:00,115,23,0,17,63,23,0.2,13,-0.2588190451025208,-0.9659258262890683,1
2026-01-06 13:09:00+00:00,75,15,0,14,39,15,0.2,13,-0.2588190451025208,-0.9659258262890683,1
2026-01-06 13:10:00+00:00,100,20,0,19,50,20,0.2,13,-0.2588190451025208,-0.9659258262890683,1
2026-01-06 13:11:00+00:00,116,23,0,19,56,23,0.19827586206896552,13,-0.2588190451025208,-0.9659258262890683,1
2026-01-06 13:12:00+00:00,75,15,0,14,35,15,0.2,13,-0.2588190451025208,-0.9659258262890683,1
2026-01-06 13:13:00+00:00,154,30,0,25,71,31,0.19480519480519481,13,-0.2588190451025208,-0.9659258262890683,-1
2026-01-06 13:14:00+00:00,158,32,0,29,86,32,0.20253164556962025,13,-0.2588190451025208,-0.9659258262890683,-1
2026-01-06 13:15:00+00:00,151,30,0,25,85,31,0.1986754966887417,13,-0.2588190451025208,-0.9659258262890683,-1
2026-01-06 13:16:00+00:00,116,24,0,19,64,24,0.20689655172413793,13,-0.2588190451025208,-0.9659258262890683,-1
2026-01-06 13:17:00+00:00,120,24,0,19,56,24,0.2,13,-0.2588190451025208,-0.9659258262890683,1
2026-01-06 13:18:00+00:00,68,14,0,10,34,14,0.20588235294117646,13,-0.2588190451025208,-0.9659258262890683,-1
2026-01-06 13:19:00+00:00,92,17,0,16,47,19,0.18478260869565216,13,-0.2588190451025208,-0.9659258262890683,1
2026-01-06 13:20:00+00:00,90,18,0,13,50,18,0.2,13,-0.2588190451025208,-0.9659258262890683,1
2026-01-06 13:21:00+00:00,85,17,0,16,43,17,0.2,13,-0.2588190451025208,-0.9659258262890683,1
2026-01-06 13:22:00+00:00,106,21,0,19,60,21,0.19811320754716982,13,-0.2588190451025208,-0.9659258262890683,1
2026-01-06 13:23:00+00:00,105,21,0,15,55,21,0.2,13,-0.2588190451025208,-0.9659258262890683,1
2026-01-06 13:24:00+00:00,145,29,0,27,73,29,0.2,13,-0.2588190451025208,-0.9659258262890683,-1
2026-01-06 13:25:00+00:00,171,34,0,28,90,34,0.19883040935672514,13,-0.2588190451025208,-0.9659258262890683,-1
2026-01-06 13:26:00+00:00,159,32,0,25,86,32,0.20125786163522014,13,-0.2588190451025208,-0.9659258262890683,-1
2026-01-06 13:27:00+00:00,137,29,0,20,82,29,0.2116788321167883,13,-0.2588190451025208,-0.9659258262890683,-1
2026-01-06 13:28:00+00:00,129,26,0,21,61,26,0.20155038759689922,13,-0.2588190451025208,-0.9659258262890683,1
2026-01-06 13:29:00+00:00,135,27,0,23,79,27,0.2,13,-0.2588190451025208,-0.9659258262890683,-1
2026-01-06 13:30:00+00:00,190,38,0,35,106,38,0.2,13,-0.2588190451025208,-0.9659258262890683,-1
2026-01-06 13:31:00+00:00,130,26,0,22,76,26,0.2,13,-0.2588190451025208,-0.9659258262890683,1
2026-01-06 13:32:00+00:00,115,23,0,19,63,23,0.2,13,-0.2588190451025208,-0.9659258262890683,1
2026-01-06 13:33:00+00:00,70,14,0,14,36,14,0.2,13,-0.2588190451025208,-0.9659258262890683,1
2026-01-06 13:34:00+00:00,55,11,0,10,31,11,0.2,13,-0.2588190451025208,-0.9659258262890683,-1
2026-01-06 13:35:00+00:00,55,11,0,8,31,11,0.2,13,-0.2588190451025208,-0.9659258262890683,-1
2026-01-06 13:36:00+00:00,95,19,0,18,47,19,0.2,13,-0.2588190451025208,-0.9659258262890683,1
2026-01-06 13:37:00+00:00,125,25,0,24,71,25,0.2,13,-0.2588190451025208,-0.9659258262890683,1
2026-01-06 13:38:00+00:00,105,21,0,20,61,21,0.2,13,-0.2588190451025208,-0.9659258262890683,1
2026-01-06 13:39:00+00:00,113,23,0,20,61,23,0.20353982300884957,13,-0.2588190451025208,-0.9659258262890683,1
2026-01-06 13:40:00+00:00,142,27,0,24,75,29,0.19014084507042253,13,-0.2588190451025208,-0.9659258262890683,-1
2026-01-06 13:41:00+00:00,139,28,0,18,71,28,0.2014388489208633,13,-0.2588190451025208,-0.9659258262890683,-1
2026-01-06 13:42:00+00:00,70,14,0,14,40,14,0.2,13,-0.2588190451025208,-0.9659258262890683,1
2026-01-06 13:43:00+00:00,80,16,0,12,42,16,0.2,13,-0.2588190451025208,-0.9659258262890683,1
2026-01-06 13:44:00+00:00,145,29,0,22,83,29,0.2,13,-0.2588190451025208,-0.9659258262890683,-1
2026-01-06 13:45:00+00:00,130,26,0,23,74,26,0.2,13,-0.2588190451025208,-0.9659258262890683,1
2026-01-06 13:46:00+00:00,112,22,0,18,66,22,0.19642857142857142,13,-0.2588190451025208,-0.9659258262890683,1
2026-01-06 13:47:00+00:00,100,20,0,16,52,20,0.2,13,-0.2588190451025208,-0.9659258262890683,1
2026-01-06 13:48:00+00:00,81,17,0,14,45,17,0.20987654320987653,13,-0.2588190451025208,-0.9659258262890683,-1
2026-01-06 13:49:00+00:00,114,22,0,20,64,24,0.19298245614035087,13,-0.2588190451025208,-0.9659258262890683,1
2026-01-06 13:50:00+00:00,75,15,0,12,43,15,0.2,13,-0.2588190451025208,-0.9659258262890683,1
2026-01-06 13:51:00+00:00,138,28,0,21,80,28,0.2028985507246377,13,-0.2588190451025208,-0.9659258262890683,-1
2026-01-06 13:52:00+00:00,112,22,0,17,68,23,0.19642857142857142,13,-0.2588190451025208,-0.9659258262890683,1
2026-01-06 13:53:00+00:00,65,13,0,11,35,13,0.2,13,-0.2588190451025208,-0.9659258262890683,1
2026-01-06 13:54:00+00:00,60,12,0,11,28,12,0.2,13,-0.2588190451025208,-0.9659258262890683,-1
2026-01-06 13:55:00+00:00,95,19,0,18,53,19,0.2,13,-0.2588190451025208,-0.9659258262890683,1
2026-01-06 13:56:00+00:00,153,31,0,27,88,31,0.20261437908496732,13,-0.2588190451025208,-0.9659258262890683,-1
2026-01-06 13:57:00+00:00,197,39,0,30,112,40,0.19796954314720813,13,-0.2588190451025208,-0.9659258262890683,-1
2026-01-06 13:58:00+00:00,115,23,0,17,63,23,0.2,13,-0.2588190451025208,-0.9659258262890683,1
2026-01-06 13:59:00+00:00,58,12,0,11,26,12,0.20689655172413793,13,-0.2588190451025208,-0.9659258262890683,-1
2026-01-06 14:00:00+00:00,0,0,0,0,0,0,0.0,14,-0.4999999999999998,-0.8660254037844388,1
2026-01-06 14:01:00+00:00,0,0,0,0,0,0,0.0,14,-0.4999999999999998,-0.8660254037844388,1
2026-01-06 14:02:00+00:00,0,0,0,0,0,0,0.0,14,-0.4999999999999998,-0.8660254037844388,1
2026-01-06 14:03:00+00:00,0,0,0,0,0,0,0.0,14,-0.4999999999999998,-0.8660254037844388,1
2026-01-06 14:04:00+00:00,0,0,0,0,0,0,0.0,14,-0.4999999999999998,-0.8660254037844388,1
2026-01-06 14:05:00+00:00,0,0,0,0,0,0,0.0,14,-0.4999999999999998,-0.8660254037844388,1
2026-01-06 14:06:00+00:00,0,0,0,0,0,0,0.0,14,-0.4999999999999998,-0.8660254037844388,1
2026-01-06 14:07:00+00:00,0,0,0,0,0,0,0.0,14,-0.4999999999999998,-0.8660254037844388,1
2026-01-06 14:08:00+00:00,0,0,0,0,0,0,0.0,14,-0.4999999999999998,-0.8660254037844388,1
2026-01-06 14:09:00+00:00,0,0,0,0,0,0,0.0,14,-0.4999999999999998,-0.8660254037844388,1
2026-01-06 14:10:00+00:00,0,0,0,0,0,0,0.0,14,-0.4999999999999998,-0.8660254037844388,1
2026-01-06 14:11:00+00:00,0,0,0,0,0,0,0.0,14,-0.4999999999999998,-0.8660254037844388,1
2026-01-06 14:12:00+00:00,0,0,0,0,0,0,0.0,14,-0.4999999999999998,-0.8660254037844388,1
2026-01-06 14:13:00+00:00,0,0,0,0,0,0,0.0,14,-0.4999999999999998,-0.8660254037844388,1
2026-01-06 14:14:00+00:00,0,0,0,0,0,0,0.0,14,-0.4999999999999998,-0.8660254037844388,1
2026-01-06 14:15:00+00:00,0,0,0,0,0,0,0.0,14,-0.4999999999999998,-0.8660254037844388,1
2026-01-06 14:16:00+00:00,0,0,0,0,0,0,0.0,14,-0.4999999999999998,-0.8660254037844388,1
2026-01-06 14:17:00+00:00,0,0,0,0,0,0,0.0,14,-0.4999999999999998,-0.8660254037844388,1
2026-01-06 14:18:00+00:00,0,0,0,0,0,0,0.0,14,-0.4999999999999998,-0.8660254037844388,1
2026-01-06 14:19:00+00:00,0,0,0,0,0,0,0.0,14,-0.4999999999999998,-0.8660254037844388,1
2026-01-06 14:20:00+00:00,0,0,0,0,0,0,0.0,14,-0.4999999999999998,-0.8660254037844388,1
2026-01-06 14:21:00+00:00,0,0,0,0,0,0,0.0,14,-0.4999999999999998,-0.8660254037844388,1
2026-01-06 14:22:00+00:00,0,0,0,0,0,0,0.0,14,-0.4999999999999998,-0.8660254037844388,1
2026-01-06 14:23:00+00:00,0,0,0,0,0,0,0.0,14,-0.4999999999999998,-0.8660254037844388,1
2026-01-06 14:24:00+00:00,0,0,0,0,0,0,0.0,14,-0.4999999999999998,-0.8660254037844388,1
2026-01-06 14:25:00+00:00,0,0,0,0,0,0,0.0,14,-0.4999999999999998,-0.8660254037844388,1
2026-01-06 14:26:00+00:00,0,0,0,0,0,0,0.0,14,-0.4999999999999998,-0.8660254037844388,1
2026-01-06 14:27:00+00:00,0,0,0,0,0,0,0.0,14,-0.4999999999999998,-0.8660254037844388,1
2026-01-06 14:28:00+00:00,0,0,0,0,0,0,0.0,14,-0.4999999999999998,-0.8660254037844388,1
2026-01-06 14:29:00+00:00,0,0,0,0,0,0,0.0,14,-0.4999999999999998,-0.8660254037844388,1
2026-01-06 14:30:00+00:00,0,0,0,0,0,0,0.0,14,-0.4999999999999998,-0.8660254037844388,1
2026-01-06 14:31:00+00:00,0,0,0,0,0,0,0.0,14,-0.4999999999999998,-0.8660254037844388,1
2026-01-06 14:32:00+00:00,0,0,0,0,0,0,0.0,14,-0.4999999999999998,-0.8660254037844388,1
2026-01-06 14:33:00+00:00,0,0,0,0,0,0,0.0,14,-0.4999999999999998,-0.8660254037844388,1
2026-01-06 14:34:00+00:00,0,0,0,0,0,0,0.0,14,-0.4999999999999998,-0.8660254037844388,1
2026-01-06 14:35:00+00:00,0,0,0,0,0,0,0.0,14,-0.4999999999999998,-0.8660254037844388,1
2026-01-06 14:36:00+00:00,0,0,0,0,0,0,0.0,14,-0.4999999999999998,-0.8660254037844388,1
2026-01-06 14:37:00+00:00,0,0,0,0,0,0,0.0,14,-0.4999999999999998,-0.8660254037844388,1
2026-01-06 14:38:00+00:00,0,0,0,0,0,0,0.0,14,-0.4999999999999998,-0.8660254037844388,1
2026-01-06 14:39:00+00:00,0,0,0,0,0,0,0.0,14,-0.4999999999999998,-0.8660254037844388,1
2026-01-06 14:40:00+00:00,0,0,0,0,0,0,0.0,14,-0.4999999999999998,-0.8660254037844388,1
2026-01-06 14:41:00+00:00,0,0,0,0,0,0,0.0,14,-0.4999999999999998,-0.8660254037844388,1
2026-01-06 14:42:00+00:00,0,0,0,0,0,0,0.0,14,-0.4999999999999998,-0.8660254037844388,1
2026-01-06 14:43:00+00:00,0,0,0,0,0,0,0.0,14,-0.4999999999999998,-0.8660254037844388,1
2026-01-06 14:44:00+00:00,0,0,0,0,0,0,0.0,14,-0.4999999999999998,-0.8660254037844388,1
2026-01-06 14:45:00+00:00,0,0,0,0,0,0,0.0,14,-0.4999999999999998,-0.8660254037844388,1
2026-01-06 14:46:00+00:00,0,0,0,0,0,0,0.0,14,-0.4999999999999998,-0.8660254037844388,1
2026-01-06 14:47:00+00:00,0,0,0,0,0,0,0.0,14,-0.4999999999999998,-0.8660254037844388,1
2026-01-06 14:48:00+00:00,0,0,0,0,0,0,0.0,14,-0.4999999999999998,-0.8660254037844388,1
2026-01-06 14:49:00+00:00,0,0,0,0,0,0,0.0,14,-0.4999999999999998,-0.8660254037844388,1
2026-01-06 14:50:00+00:00,0,0,0,0,0,0,0.0,14,-0.4999999999999998,-0.8660254037844388,1
2026-01-06 14:51:00+00:00,0,0,0,0,0,0,0.0,14,-0.4999999999999998,-0.8660254037844388,1
2026-01-06 14:52:00+00:00,0,0,0,0,0,0,0.0,14,-0.4999999999999998,-0.8660254037844388,1
2026-01-06 14:53:00+00:00,0,0,0,0,0,0,0.0,14,-0.4999999999999998,-0.8660254037844388,1
2026-01-06 14:54:00+00:00,0,0,0,0,0,0,0.0,14,-0.4999999999999998,-0.8660254037844388,1
2026-01-06 14:55:00+00:00,0,0,0,0,0,0,0.0,14,-0.4999999999999998,-0.8660254037844388,1
2026-01-06 14:56:00+00:00,0,0,0,0,0,0,0.0,14,-0.4999999999999998,-0.8660254037844388,1
2026-01-06 14:57:00+00:00,0,0,0,0,0,0,0.0,14,-0.4999999999999998,-0.8660254037844388,1
2026-01-06 14:58:00+00:00,0,0,0,0,0,0,0.0,14,-0.4999999999999998,-0.8660254037844388,1
2026-01-06 14:59:00+00:00,0,0,0,0,0,0,0.0,14,-0.4999999999999998,-0.8660254037844388,1
2026-01-06 15:00:00+00:00,0,0,0,0,0,0,0.0,15,-0.7071067811865471,-0.7071067811865479,1
2026-01-06 15:01:00+00:00,0,0,0,0,0,0,0.0,15,-0.7071067811865471,-0.7071067811865479,1
2026-01-06 15:02:00+00:00,0,0,0,0,0,0,0.0,15,-0.7071067811865471,-0.7071067811865479,1
2026-01-06 15:03:00+00:00,0,0,0,0,0,0,0.0,15,-0.7071067811865471,-0.7071067811865479,1
2026-01-06 15:04:00+00:00,0,0,0,0,0,0,0.0,15,-0.7071067811865471,-0.7071067811865479,1
2026-01-06 15:05:00+00:00,0,0,0,0,0,0,0.0,15,-0.7071067811865471,-0.7071067811865479,1
2026-01-06 15:06:00+00:00,0,0,0,0,0,0,0.0,15,-0.7071067811865471,-0.7071067811865479,1
2026-01-06 15:07:00+00:00,0,0,0,0,0,0,0.0,15,-0.7071067811865471,-0.7071067811865479,1
2026-01-06 15:08:00+00:00,0,0,0,0,0,0,0.0,15,-0.7071067811865471,-0.7071067811865479,1
2026-01-06 15:09:00+00:00,0,0,0,0,0,0,0.0,15,-0.7071067811865471,-0.7071067811865479,1
2026-01-06 15:10:00+00:00,0,0,0,0,0,0,0.0,15,-0.7071067811865471,-0.7071067811865479,1
2026-01-06 15:11:00+00:00,0,0,0,0,0,0,0.0,15,-0.7071067811865471,-0.7071067811865479,1
2026-01-06 15:12:00+00:00,0,0,0,0,0,0,0.0,15,-0.7071067811865471,-0.7071067811865479,1
2026-01-06 15:13:00+00:00,0,0,0,0,0,0,0.0,15,-0.7071067811865471,-0.7071067811865479,1
2026-01-06 15:14:00+00:00,0,0,0,0,0,0,0.0,15,-0.7071067811865471,-0.7071067811865479,1
2026-01-06 15:15:00+00:00,0,0,0,0,0,0,0.0,15,-0.7071067811865471,-0.7071067811865479,1
2026-01-06 15:16:00+00:00,0,0,0,0,0,0,0.0,15,-0.7071067811865471,-0.7071067811865479,1
2026-01-06 15:17:00+00:00,0,0,0,0,0,0,0.0,15,-0.7071067811865471,-0.7071067811865479,1
2026-01-06 15:18:00+00:00,0,0,0,0,0,0,0.0,15,-0.7071067811865471,-0.7071067811865479,1
2026-01-06 15:19:00+00:00,0,0,0,0,0,0,0.0,15,-0.7071067811865471,-0.7071067811865479,1
2026-01-06 15:20:00+00:00,0,0,0,0,0,0,0.0,15,-0.7071067811865471,-0.7071067811865479,1
2026-01-06 15:21:00+00:00,0,0,0,0,0,0,0.0,15,-0.7071067811865471,-0.7071067811865479,1
2026-01-06 15:22:00+00:00,0,0,0,0,0,0,0.0,15,-0.7071067811865471,-0.7071067811865479,1
2026-01-06 15:23:00+00:00,0,0,0,0,0,0,0.0,15,-0.7071067811865471,-0.7071067811865479,1
2026-01-06 15:24:00+00:00,0,0,0,0,0,0,0.0,15,-0.7071067811865471,-0.7071067811865479,1
2026-01-06 15:25:00+00:00,0,0,0,0,0,0,0.0,15,-0.7071067811865471,-0.7071067811865479,1
2026-01-06 15:26:00+00:00,0,0,0,0,0,0,0.0,15,-0.7071067811865471,-0.7071067811865479,1
2026-01-06 15:27:00+00:00,0,0,0,0,0,0,0.0,15,-0.7071067811865471,-0.7071067811865479,1
2026-01-06 15:28:00+00:00,0,0,0,0,0,0,0.0,15,-0.7071067811865471,-0.7071067811865479,1
2026-01-06 15:29:00+00:00,0,0,0,0,0,0,0.0,15,-0.7071067811865471,-0.7071067811865479,1
2026-01-06 15:30:00+00:00,0,0,0,0,0,0,0.0,15,-0.7071067811865471,-0.7071067811865479,1
2026-01-06 15:31:00+00:00,0,0,0,0,0,0,0.0,15,-0.7071067811865471,-0.7071067811865479,1
2026-01-06 15:32:00+00:00,0,0,0,0,0,0,0.0,15,-0.7071067811865471,-0.7071067811865479,1
2026-01-06 15:33:00+00:00,0,0,0,0,0,0,0.0,15,-0.7071067811865471,-0.7071067811865479,1
2026-01-06 15:34:00+00:00,0,0,0,0,0,0,0.0,15,-0.7071067811865471,-0.7071067811865479,1
2026-01-06 15:35:00+00:00,0,0,0,0,0,0,0.0,15,-0.7071067811865471,-0.7071067811865479,1
2026-01-06 15:36:00+00:00,0,0,0,0,0,0,0.0,15,-0.7071067811865471,-0.7071067811865479,1
2026-01-06 15:37:00+00:00,0,0,0,0,0,0,0.0,15,-0.7071067811865471,-0.7071067811865479,1
2026-01-06 15:38:00+00:00,0,0,0,0,0,0,0.0,15,-0.7071067811865471,-0.7071067811865479,1
2026-01-06 15:39:00+00:00,0,0,0,0,0,0,0.0,15,-0.7071067811865471,-0.7071067811865479,1
2026-01-06 15:40:00+00:00,0,0,0,0,0,0,0.0,15,-0.7071067811865471,-0.7071067811865479,1
2026-01-06 15:41:00+00:00,0,0,0,0,0,0,0.0,15,-0.7071067811865471,-0.7071067811865479,1
2026-01-06 15:42:00+00:00,0,0,0,0,0,0,0.0,15,-0.7071067811865471,-0.7071067811865479,1
2026-01-06 15:43:00+00:00,0,0,0,0,0,0,0.0,15,-0.7071067811865471,-0.7071067811865479,1
2026-01-06 15:44:00+00:00,0,0,0,0,0,0,0.0,15,-0.7071067811865471,-0.7071067811865479,1
2026-01-06 15:45:00+00:00,0,0,0,0,0,0,0.0,15,-0.7071067811865471,-0.7071067811865479,1
2026-01-06 15:46:00+00:00,0,0,0,0,0,0,0.0,15,-0.7071067811865471,-0.7071067811865479,1
2026-01-06 15:47:00+00:00,0,0,0,0,0,0,0.0,15,-0.7071067811865471,-0.7071067811865479,1
2026-01-06 15:48:00+00:00,0,0,0,0,0,0,0.0,15,-0.7071067811865471,-0.7071067811865479,1
2026-01-06 15:49:00+00:00,0,0,0,0,0,0,0.0,15,-0.7071067811865471,-0.7071067811865479,1
2026-01-06 15:50:00+00:00,0,0,0,0,0,0,0.0,15,-0.7071067811865471,-0.7071067811865479,1
2026-01-06 15:51:00+00:00,0,0,0,0,0,0,0.0,15,-0.7071067811865471,-0.7071067811865479,1
2026-01-06 15:52:00+00:00,0,0,0,0,0,0,0.0,15,-0.7071067811865471,-0.7071067811865479,1
2026-01-06 15:53:00+00:00,0,0,0,0,0,0,0.0,15,-0.7071067811865471,-0.7071067811865479,1
2026-01-06 15:54:00+00:00,0,0,0,0,0,0,0.0,15,-0.7071067811865471,-0.7071067811865479,1
2026-01-06 15:55:00+00:00,0,0,0,0,0,0,0.0,15,-0.7071067811865471,-0.7071067811865479,1
2026-01-06 15:56:00+00:00,0,0,0,0,0,0,0.0,15,-0.7071067811865471,-0.7071067811865479,1
2026-01-06 15:57:00+00:00,0,0,0,0,0,0,0.0,15,-0.7071067811865471,-0.7071067811865479,1
2026-01-06 15:58:00+00:00,0,0,0,0,0,0,0.0,15,-0.7071067811865471,-0.7071067811865479,1
2026-01-06 15:59:00+00:00,0,0,0,0,0,0,0.0,15,-0.7071067811865471,-0.7071067811865479,1
2026-01-06 16:00:00+00:00,0,0,0,0,0,0,0.0,16,-0.8660254037844384,-0.5000000000000004,1
2026-01-06 16:01:00+00:00,0,0,0,0,0,0,0.0,16,-0.8660254037844384,-0.5000000000000004,1
2026-01-06 16:02:00+00:00,0,0,0,0,0,0,0.0,16,-0.8660254037844384,-0.5000000000000004,1
2026-01-06 16:03:00+00:00,0,0,0,0,0,0,0.0,16,-0.8660254037844384,-0.5000000000000004,1
2026-01-06 16:04:00+00:00,0,0,0,0,0,0,0.0,16,-0.8660254037844384,-0.5000000000000004,1
2026-01-06 16:05:00+00:00,0,0,0,0,0,0,0.0,16,-0.8660254037844384,-0.5000000000000004,1
2026-01-06 16:06:00+00:00,0,0,0,0,0,0,0.0,16,-0.8660254037844384,-0.5000000000000004,1
2026-01-06 16:07:00+00:00,0,0,0,0,0,0,0.0,16,-0.8660254037844384,-0.5000000000000004,1
2026-01-06 16:08:00+00:00,0,0,0,0,0,0,0.0,16,-0.8660254037844384,-0.5000000000000004,1
2026-01-06 16:09:00+00:00,0,0,0,0,0,0,0.0,16,-0.8660254037844384,-0.5000000000000004,1
2026-01-06 16:10:00+00:00,0,0,0,0,0,0,0.0,16,-0.8660254037844384,-0.5000000000000004,1
2026-01-06 16:11:00+00:00,0,0,0,0,0,0,0.0,16,-0.8660254037844384,-0.5000000000000004,1
2026-01-06 16:12:00+00:00,0,0,0,0,0,0,0.0,16,-0.8660254037844384,-0.5000000000000004,1
2026-01-06 16:13:00+00:00,0,0,0,0,0,0,0.0,16,-0.8660254037844384,-0.5000000000000004,1
2026-01-06 16:14:00+00:00,0,0,0,0,0,0,0.0,16,-0.8660254037844384,-0.5000000000000004,1
2026-01-06 16:15:00+00:00,0,0,0,0,0,0,0.0,16,-0.8660254037844384,-0.5000000000000004,1
2026-01-06 16:16:00+00:00,0,0,0,0,0,0,0.0,16,-0.8660254037844384,-0.5000000000000004,1
2026-01-06 16:17:00+00:00,0,0,0,0,0,0,0.0,16,-0.8660254037844384,-0.5000000000000004,1
2026-01-06 16:18:00+00:00,0,0,0,0,0,0,0.0,16,-0.8660254037844384,-0.5000000000000004,1
2026-01-06 16:19:00+00:00,0,0,0,0,0,0,0.0,16,-0.8660254037844384,-0.5000000000000004,1
2026-01-06 16:20:00+00:00,0,0,0,0,0,0,0.0,16,-0.8660254037844384,-0.5000000000000004,1
2026-01-06 16:21:00+00:00,0,0,0,0,0,0,0.0,16,-0.8660254037844384,-0.5000000000000004,1
2026-01-06 16:22:00+00:00,0,0,0,0,0,0,0.0,16,-0.8660254037844384,-0.5000000000000004,1
2026-01-06 16:23:00+00:00,0,0,0,0,0,0,0.0,16,-0.8660254037844384,-0.5000000000000004,1
2026-01-06 16:24:00+00:00,0,0,0,0,0,0,0.0,16,-0.8660254037844384,-0.5000000000000004,1
2026-01-06 16:25:00+00:00,0,0,0,0,0,0,0.0,16,-0.8660254037844384,-0.5000000000000004,1
2026-01-06 16:26:00+00:00,0,0,0,0,0,0,0.0,16,-0.8660254037844384,-0.5000000000000004,1
2026-01-06 16:27:00+00:00,0,0,0,0,0,0,0.0,16,-0.8660254037844384,-0.5000000000000004,1
2026-01-06 16:28:00+00:00,0,0,0,0,0,0,0.0,16,-0.8660254037844384,-0.5000000000000004,1
2026-01-06 16:29:00+00:00,0,0,0,0,0,0,0.0,16,-0.8660254037844384,-0.5000000000000004,1
2026-01-06 16:30:00+00:00,0,0,0,0,0,0,0.0,16,-0.8660254037844384,-0.5000000000000004,1
2026-01-06 16:31:00+00:00,0,0,0,0,0,0,0.0,16,-0.8660254037844384,-0.5000000000000004,1
2026-01-06 16:32:00+00:00,0,0,0,0,0,0,0.0,16,-0.8660254037844384,-0.5000000000000004,1
2026-01-06 16:33:00+00:00,0,0,0,0,0,0,0.0,16,-0.8660254037844384,-0.5000000000000004,1
2026-01-06 16:34:00+00:00,0,0,0,0,0,0,0.0,16,-0.8660254037844384,-0.5000000000000004,1
2026-01-06 16:35:00+00:00,0,0,0,0,0,0,0.0,16,-0.8660254037844384,-0.5000000000000004,1
2026-01-06 16:36:00+00:00,0,0,0,0,0,0,0.0,16,-0.8660254037844384,-0.5000000000000004,1
2026-01-06 16:37:00+00:00,0,0,0,0,0,0,0.0,16,-0.8660254037844384,-0.5000000000000004,1
2026-01-06 16:38:00+00:00,0,0,0,0,0,0,0.0,16,-0.8660254037844384,-0.5000000000000004,1
2026-01-06 16:39:00+00:00,0,0,0,0,0,0,0.0,16,-0.8660254037844384,-0.5000000000000004,1
2026-01-06 16:40:00+00:00,0,0,0,0,0,0,0.0,16,-0.8660254037844384,-0.5000000000000004,1
2026-01-06 16:41:00+00:00,0,0,0,0,0,0,0.0,16,-0.8660254037844384,-0.5000000000000004,1
2026-01-06 16:42:00+00:00,0,0,0,0,0,0,0.0,16,-0.8660254037844384,-0.5000000000000004,1
2026-01-06 16:43:00+00:00,0,0,0,0,0,0,0.0,16,-0.8660254037844384,-0.5000000000000004,1
2026-01-06 16:44:00+00:00,0,0,0,0,0,0,0.0,16,-0.8660254037844384,-0.5000000000000004,1
2026-01-06 16:45:00+00:00,0,0,0,0,0,0,0.0,16,-0.8660254037844384,-0.5000000000000004,1
2026-01-06 16:46:00+00:00,0,0,0,0,0,0,0.0,16,-0.8660254037844384,-0.5000000000000004,1
2026-01-06 16:47:00+00:00,0,0,0,0,0,0,0.0,16,-0.8660254037844384,-0.5000000000000004,1
2026-01-06 16:48:00+00:00,0,0,0,0,0,0,0.0,16,-0.8660254037844384,-0.5000000000000004,1
2026-01-06 16:49:00+00:00,0,0,0,0,0,0,0.0,16,-0.8660254037844384,-0.5000000000000004,1
2026-01-06 16:50:00+00:00,0,0,0,0,0,0,0.0,16,-0.8660254037844384,-0.5000000000000004,1
2026-01-06 16:51:00+00:00,0,0,0,0,0,0,0.0,16,-0.8660254037844384,-0.5000000000000004,1
2026-01-06 16:52:00+00:00,0,0,0,0,0,0,0.0,16,-0.8660254037844384,-0.5000000000000004,1
2026-01-06 16:53:00+00:00,0,0,0,0,0,0,0.0,16,-0.8660254037844384,-0.5000000000000004,1
2026-01-06 16:54:00+00:00,0,0,0,0,0,0,0.0,16,-0.8660254037844384,-0.5000000000000004,1
2026-01-06 16:55:00+00:00,0,0,0,0,0,0,0.0,16,-0.8660254037844384,-0.5000000000000004,1
2026-01-06 16:56:00+00:00,0,0,0,0,0,0,0.0,16,-0.8660254037844384,-0.5000000000000004,1
2026-01-06 16:57:00+00:00,0,0,0,0,0,0,0.0,16,-0.8660254037844384,-0.5000000000000004,1
2026-01-06 16:58:00+00:00,0,0,0,0,0,0,0.0,16,-0.8660254037844384,-0.5000000000000004,1
2026-01-06 16:59:00+00:00,0,0,0,0,0,0,0.0,16,-0.8660254037844384,-0.5000000000000004,1
2026-01-06 17:00:00+00:00,0,0,0,0,0,0,0.0,17,-0.9659258262890683,-0.25881904510252063,1
2026-01-06 17:01:00+00:00,0,0,0,0,0,0,0.0,17,-0.9659258262890683,-0.25881904510252063,1
2026-01-06 17:02:00+00:00,0,0,0,0,0,0,0.0,17,-0.9659258262890683,-0.25881904510252063,1
2026-01-06 17:03:00+00:00,0,0,0,0,0,0,0.0,17,-0.9659258262890683,-0.25881904510252063,1
2026-01-06 17:04:00+00:00,0,0,0,0,0,0,0.0,17,-0.9659258262890683,-0.25881904510252063,1
2026-01-06 17:05:00+00:00,0,0,0,0,0,0,0.0,17,-0.9659258262890683,-0.25881904510252063,1
2026-01-06 17:06:00+00:00,0,0,0,0,0,0,0.0,17,-0.9659258262890683,-0.25881904510252063,1
2026-01-06 17:07:00+00:00,0,0,0,0,0,0,0.0,17,-0.9659258262890683,-0.25881904510252063,1
2026-01-06 17:08:00+00:00,0,0,0,0,0,0,0.0,17,-0.9659258262890683,-0.25881904510252063,1
2026-01-06 17:09:00+00:00,0,0,0,0,0,0,0.0,17,-0.9659258262890683,-0.25881904510252063,1
2026-01-06 17:10:00+00:00,0,0,0,0,0,0,0.0,17,-0.9659258262890683,-0.25881904510252063,1
2026-01-06 17:11:00+00:00,0,0,0,0,0,0,0.0,17,-0.9659258262890683,-0.25881904510252063,1
2026-01-06 17:12:00+00:00,0,0,0,0,0,0,0.0,17,-0.9659258262890683,-0.25881904510252063,1
2026-01-06 17:13:00+00:00,0,0,0,0,0,0,0.0,17,-0.9659258262890683,-0.25881904510252063,1
2026-01-06 17:14:00+00:00,0,0,0,0,0,0,0.0,17,-0.9659258262890683,-0.25881904510252063,1
2026-01-06 17:15:00+00:00,0,0,0,0,0,0,0.0,17,-0.9659258262890683,-0.25881904510252063,1
2026-01-06 17:16:00+00:00,0,0,0,0,0,0,0.0,17,-0.9659258262890683,-0.25881904510252063,1
2026-01-06 17:17:00+00:00,0,0,0,0,0,0,0.0,17,-0.9659258262890683,-0.25881904510252063,1
2026-01-06 17:18:00+00:00,0,0,0,0,0,0,0.0,17,-0.9659258262890683,-0.25881904510252063,1
2026-01-06 17:19:00+00:00,0,0,0,0,0,0,0.0,17,-0.9659258262890683,-0.25881904510252063,1
2026-01-06 17:20:00+00:00,0,0,0,0,0,0,0.0,17,-0.9659258262890683,-0.25881904510252063,1
2026-01-06 17:21:00+00:00,0,0,0,0,0,0,0.0,17,-0.9659258262890683,-0.25881904510252063,1
2026-01-06 17:22:00+00:00,0,0,0,0,0,0,0.0,17,-0.9659258262890683,-0.25881904510252063,1
2026-01-06 17:23:00+00:00,0,0,0,0,0,0,0.0,17,-0.9659258262890683,-0.25881904510252063,1
2026-01-06 17:24:00+00:00,0,0,0,0,0,0,0.0,17,-0.9659258262890683,-0.25881904510252063,1
2026-01-06 17:25:00+00:00,0,0,0,0,0,0,0.0,17,-0.9659258262890683,-0.25881904510252063,1
2026-01-06 17:26:00+00:00,0,0,0,0,0,0,0.0,17,-0.9659258262890683,-0.25881904510252063,1
2026-01-06 17:27:00+00:00,0,0,0,0,0,0,0.0,17,-0.9659258262890683,-0.25881904510252063,1
2026-01-06 17:28:00+00:00,0,0,0,0,0,0,0.0,17,-0.9659258262890683,-0.25881904510252063,1
2026-01-06 17:29:00+00:00,0,0,0,0,0,0,0.0,17,-0.9659258262890683,-0.25881904510252063,1
2026-01-06 17:30:00+00:00,0,0,0,0,0,0,0.0,17,-0.9659258262890683,-0.25881904510252063,1
2026-01-06 17:31:00+00:00,0,0,0,0,0,0,0.0,17,-0.9659258262890683,-0.25881904510252063,1
2026-01-06 17:32:00+00:00,0,0,0,0,0,0,0.0,17,-0.9659258262890683,-0.25881904510252063,1
2026-01-06 17:33:00+00:00,0,0,0,0,0,0,0.0,17,-0.9659258262890683,-0.25881904510252063,1
2026-01-06 17:34:00+00:00,0,0,0,0,0,0,0.0,17,-0.9659258262890683,-0.25881904510252063,1
2026-01-06 17:35:00+00:00,0,0,0,0,0,0,0.0,17,-0.9659258262890683,-0.25881904510252063,1
2026-01-06 17:36:00+00:00,0,0,0,0,0,0,0.0,17,-0.9659258262890683,-0.25881904510252063,1
2026-01-06 17:37:00+00:00,0,0,0,0,0,0,0.0,17,-0.9659258262890683,-0.25881904510252063,1
2026-01-06 17:38:00+00:00,0,0,0,0,0,0,0.0,17,-0.9659258262890683,-0.25881904510252063,1
2026-01-06 17:39:00+00:00,0,0,0,0,0,0,0.0,17,-0.9659258262890683,-0.25881904510252063,1
2026-01-06 17:40:00+00:00,0,0,0,0,0,0,0.0,17,-0.9659258262890683,-0.25881904510252063,1
2026-01-06 17:41:00+00:00,0,0,0,0,0,0,0.0,17,-0.9659258262890683,-0.25881904510252063,1
2026-01-06 17:42:00+00:00,0,0,0,0,0,0,0.0,17,-0.9659258262890683,-0.25881904510252063,1
2026-01-06 17:43:00+00:00,0,0,0,0,0,0,0.0,17,-0.9659258262890683,-0.25881904510252063,1
2026-01-06 17:44:00+00:00,0,0,0,0,0,0,0.0,17,-0.9659258262890683,-0.25881904510252063,1
2026-01-06 17:45:00+00:00,0,0,0,0,0,0,0.0,17,-0.9659258262890683,-0.25881904510252063,1
2026-01-06 17:46:00+00:00,0,0,0,0,0,0,0.0,17,-0.9659258262890683,-0.25881904510252063,1
2026-01-06 17:47:00+00:00,0,0,0,0,0,0,0.0,17,-0.9659258262890683,-0.25881904510252063,1
2026-01-06 17:48:00+00:00,0,0,0,0,0,0,0.0,17,-0.9659258262890683,-0.25881904510252063,1
2026-01-06 17:49:00+00:00,0,0,0,0,0,0,0.0,17,-0.9659258262890683,-0.25881904510252063,1
2026-01-06 17:50:00+00:00,0,0,0,0,0,0,0.0,17,-0.9659258262890683,-0.25881904510252063,1
2026-01-06 17:51:00+00:00,0,0,0,0,0,0,0.0,17,-0.9659258262890683,-0.25881904510252063,1
2026-01-06 17:52:00+00:00,0,0,0,0,0,0,0.0,17,-0.9659258262890683,-0.25881904510252063,1
2026-01-06 17:53:00+00:00,0,0,0,0,0,0,0.0,17,-0.9659258262890683,-0.25881904510252063,1
2026-01-06 17:54:00+00:00,0,0,0,0,0,0,0.0,17,-0.9659258262890683,-0.25881904510252063,1
2026-01-06 17:55:00+00:00,0,0,0,0,0,0,0.0,17,-0.9659258262890683,-0.25881904510252063,1
2026-01-06 17:56:00+00:00,0,0,0,0,0,0,0.0,17,-0.9659258262890683,-0.25881904510252063,1
2026-01-06 17:57:00+00:00,0,0,0,0,0,0,0.0,17,-0.9659258262890683,-0.25881904510252063,1
2026-01-06 17:58:00+00:00,0,0,0,0,0,0,0.0,17,-0.9659258262890683,-0.25881904510252063,1
2026-01-06 17:59:00+00:00,0,0,0,0,0,0,0.0,17,-0.9659258262890683,-0.25881904510252063,1
2026-01-06 18:00:00+00:00,0,0,0,0,0,0,0.0,18,-1.0,-1.8369701987210297e-16,1
2026-01-06 18:01:00+00:00,0,0,0,0,0,0,0.0,18,-1.0,-1.8369701987210297e-16,1
2026-01-06 18:02:00+00:00,0,0,0,0,0,0,0.0,18,-1.0,-1.8369701987210297e-16,1
2026-01-06 18:03:00+00:00,0,0,0,0,0,0,0.0,18,-1.0,-1.8369701987210297e-16,1
2026-01-06 18:04:00+00:00,0,0,0,0,0,0,0.0,18,-1.0,-1.8369701987210297e-16,1
2026-01-06 18:05:00+00:00,0,0,0,0,0,0,0.0,18,-1.0,-1.8369701987210297e-16,1
2026-01-06 18:06:00+00:00,0,0,0,0,0,0,0.0,18,-1.0,-1.8369701987210297e-16,1
2026-01-06 18:07:00+00:00,0,0,0,0,0,0,0.0,18,-1.0,-1.8369701987210297e-16,1
2026-01-06 18:08:00+00:00,0,0,0,0,0,0,0.0,18,-1.0,-1.8369701987210297e-16,1
2026-01-06 18:09:00+00:00,0,0,0,0,0,0,0.0,18,-1.0,-1.8369701987210297e-16,1
2026-01-06 18:10:00+00:00,0,0,0,0,0,0,0.0,18,-1.0,-1.8369701987210297e-16,1
2026-01-06 18:11:00+00:00,0,0,0,0,0,0,0.0,18,-1.0,-1.8369701987210297e-16,1
2026-01-06 18:12:00+00:00,0,0,0,0,0,0,0.0,18,-1.0,-1.8369701987210297e-16,1
2026-01-06 18:13:00+00:00,0,0,0,0,0,0,0.0,18,-1.0,-1.8369701987210297e-16,1
2026-01-06 18:14:00+00:00,0,0,0,0,0,0,0.0,18,-1.0,-1.8369701987210297e-16,1
2026-01-06 18:15:00+00:00,0,0,0,0,0,0,0.0,18,-1.0,-1.8369701987210297e-16,1
2026-01-06 18:16:00+00:00,0,0,0,0,0,0,0.0,18,-1.0,-1.8369701987210297e-16,1
2026-01-06 18:17:00+00:00,0,0,0,0,0,0,0.0,18,-1.0,-1.8369701987210297e-16,1
2026-01-06 18:18:00+00:00,0,0,0,0,0,0,0.0,18,-1.0,-1.8369701987210297e-16,1
2026-01-06 18:19:00+00:00,0,0,0,0,0,0,0.0,18,-1.0,-1.8369701987210297e-16,1
2026-01-06 18:20:00+00:00,0,0,0,0,0,0,0.0,18,-1.0,-1.8369701987210297e-16,1
2026-01-06 18:21:00+00:00,0,0,0,0,0,0,0.0,18,-1.0,-1.8369701987210297e-16,1
2026-01-06 18:22:00+00:00,0,0,0,0,0,0,0.0,18,-1.0,-1.8369701987210297e-16,1
2026-01-06 18:23:00+00:00,0,0,0,0,0,0,0.0,18,-1.0,-1.8369701987210297e-16,1
2026-01-06 18:24:00+00:00,0,0,0,0,0,0,0.0,18,-1.0,-1.8369701987210297e-16,1
2026-01-06 18:25:00+00:00,0,0,0,0,0,0,0.0,18,-1.0,-1.8369701987210297e-16,1
2026-01-06 18:26:00+00:00,0,0,0,0,0,0,0.0,18,-1.0,-1.8369701987210297e-16,1
2026-01-06 18:27:00+00:00,0,0,0,0,0,0,0.0,18,-1.0,-1.8369701987210297e-16,1
2026-01-06 18:28:00+00:00,0,0,0,0,0,0,0.0,18,-1.0,-1.8369701987210297e-16,1
2026-01-06 18:29:00+00:00,0,0,0,0,0,0,0.0,18,-1.0,-1.8369701987210297e-16,1
2026-01-06 18:30:00+00:00,0,0,0,0,0,0,0.0,18,-1.0,-1.8369701987210297e-16,1
2026-01-06 18:31:00+00:00,0,0,0,0,0,0,0.0,18,-1.0,-1.8369701987210297e-16,1
2026-01-06 18:32:00+00:00,0,0,0,0,0,0,0.0,18,-1.0,-1.8369701987210297e-16,1
2026-01-06 18:33:00+00:00,0,0,0,0,0,0,0.0,18,-1.0,-1.8369701987210297e-16,1
2026-01-06 18:34:00+00:00,0,0,0,0,0,0,0.0,18,-1.0,-1.8369701987210297e-16,1
2026-01-06 18:35:00+00:00,0,0,0,0,0,0,0.0,18,-1.0,-1.8369701987210297e-16,1
2026-01-06 18:36:00+00:00,0,0,0,0,0,0,0.0,18,-1.0,-1.8369701987210297e-16,1
2026-01-06 18:37:00+00:00,0,0,0,0,0,0,0.0,18,-1.0,-1.8369701987210297e-16,1
2026-01-06 18:38:00+00:00,0,0,0,0,0,0,0.0,18,-1.0,-1.8369701987210297e-16,1
2026-01-06 18:39:00+00:00,0,0,0,0,0,0,0.0,18,-1.0,-1.8369701987210297e-16,1
2026-01-06 18:40:00+00:00,0,0,0,0,0,0,0.0,18,-1.0,-1.8369701987210297e-16,1
2026-01-06 18:41:00+00:00,0,0,0,0,0,0,0.0,18,-1.0,-1.8369701987210297e-16,1
2026-01-06 18:42:00+00:00,0,0,0,0,0,0,0.0,18,-1.0,-1.8369701987210297e-16,1
2026-01-06 18:43:00+00:00,0,0,0,0,0,0,0.0,18,-1.0,-1.8369701987210297e-16,1
2026-01-06 18:44:00+00:00,0,0,0,0,0,0,0.0,18,-1.0,-1.8369701987210297e-16,1
2026-01-06 18:45:00+00:00,0,0,0,0,0,0,0.0,18,-1.0,-1.8369701987210297e-16,1
2026-01-06 18:46:00+00:00,0,0,0,0,0,0,0.0,18,-1.0,-1.8369701987210297e-16,1
2026-01-06 18:47:00+00:00,0,0,0,0,0,0,0.0,18,-1.0,-1.8369701987210297e-16,1
2026-01-06 18:48:00+00:00,0,0,0,0,0,0,0.0,18,-1.0,-1.8369701987210297e-16,1
2026-01-06 18:49:00+00:00,0,0,0,0,0,0,0.0,18,-1.0,-1.8369701987210297e-16,1
2026-01-06 18:50:00+00:00,0,0,0,0,0,0,0.0,18,-1.0,-1.8369701987210297e-16,1
2026-01-06 18:51:00+00:00,0,0,0,0,0,0,0.0,18,-1.0,-1.8369701987210297e-16,1
2026-01-06 18:52:00+00:00,0,0,0,0,0,0,0.0,18,-1.0,-1.8369701987210297e-16,1
2026-01-06 18:53:00+00:00,0,0,0,0,0,0,0.0,18,-1.0,-1.8369701987210297e-16,1
2026-01-06 18:54:00+00:00,0,0,0,0,0,0,0.0,18,-1.0,-1.8369701987210297e-16,1
2026-01-06 18:55:00+00:00,0,0,0,0,0,0,0.0,18,-1.0,-1.8369701987210297e-16,1
2026-01-06 18:56:00+00:00,0,0,0,0,0,0,0.0,18,-1.0,-1.8369701987210297e-16,1
2026-01-06 18:57:00+00:00,0,0,0,0,0,0,0.0,18,-1.0,-1.8369701987210297e-16,1
2026-01-06 18:58:00+00:00,0,0,0,0,0,0,0.0,18,-1.0,-1.8369701987210297e-16,1
2026-01-06 18:59:00+00:00,0,0,0,0,0,0,0.0,18,-1.0,-1.8369701987210297e-16,1
2026-01-06 19:00:00+00:00,0,0,0,0,0,0,0.0,19,-0.9659258262890684,0.2588190451025203,1
2026-01-06 19:01:00+00:00,0,0,0,0,0,0,0.0,19,-0.9659258262890684,0.2588190451025203,1
2026-01-06 19:02:00+00:00,0,0,0,0,0,0,0.0,19,-0.9659258262890684,0.2588190451025203,1
2026-01-06 19:03:00+00:00,0,0,0,0,0,0,0.0,19,-0.9659258262890684,0.2588190451025203,1
2026-01-06 19:04:00+00:00,0,0,0,0,0,0,0.0,19,-0.9659258262890684,0.2588190451025203,1
2026-01-06 19:05:00+00:00,0,0,0,0,0,0,0.0,19,-0.9659258262890684,0.2588190451025203,1
2026-01-06 19:06:00+00:00,0,0,0,0,0,0,0.0,19,-0.9659258262890684,0.2588190451025203,1
2026-01-06 19:07:00+00:00,0,0,0,0,0,0,0.0,19,-0.9659258262890684,0.2588190451025203,1
2026-01-06 19:08:00+00:00,0,0,0,0,0,0,0.0,19,-0.9659258262890684,0.2588190451025203,1
2026-01-06 19:09:00+00:00,0,0,0,0,0,0,0.0,19,-0.9659258262890684,0.2588190451025203,1
2026-01-06 19:10:00+00:00,0,0,0,0,0,0,0.0,19,-0.9659258262890684,0.2588190451025203,1
2026-01-06 19:11:00+00:00,0,0,0,0,0,0,0.0,19,-0.9659258262890684,0.2588190451025203,1
2026-01-06 19:12:00+00:00,0,0,0,0,0,0,0.0,19,-0.9659258262890684,0.2588190451025203,1
2026-01-06 19:13:00+00:00,0,0,0,0,0,0,0.0,19,-0.9659258262890684,0.2588190451025203,1
2026-01-06 19:14:00+00:00,0,0,0,0,0,0,0.0,19,-0.9659258262890684,0.2588190451025203,1
2026-01-06 19:15:00+00:00,0,0,0,0,0,0,0.0,19,-0.9659258262890684,0.2588190451025203,1
2026-01-06 19:16:00+00:00,0,0,0,0,0,0,0.0,19,-0.9659258262890684,0.2588190451025203,1
2026-01-06 19:17:00+00:00,0,0,0,0,0,0,0.0,19,-0.9659258262890684,0.2588190451025203,1
2026-01-06 19:18:00+00:00,0,0,0,0,0,0,0.0,19,-0.9659258262890684,0.2588190451025203,1
2026-01-06 19:19:00+00:00,0,0,0,0,0,0,0.0,19,-0.9659258262890684,0.2588190451025203,1
2026-01-06 19:20:00+00:00,0,0,0,0,0,0,0.0,19,-0.9659258262890684,0.2588190451025203,1
2026-01-06 19:21:00+00:00,0,0,0,0,0,0,0.0,19,-0.9659258262890684,0.2588190451025203,1
2026-01-06 19:22:00+00:00,0,0,0,0,0,0,0.0,19,-0.9659258262890684,0.2588190451025203,1
2026-01-06 19:23:00+00:00,0,0,0,0,0,0,0.0,19,-0.9659258262890684,0.2588190451025203,1
2026-01-06 19:24:00+00:00,0,0,0,0,0,0,0.0,19,-0.9659258262890684,0.2588190451025203,1
2026-01-06 19:25:00+00:00,0,0,0,0,0,0,0.0,19,-0.9659258262890684,0.2588190451025203,1
2026-01-06 19:26:00+00:00,0,0,0,0,0,0,0.0,19,-0.9659258262890684,0.2588190451025203,1
2026-01-06 19:27:00+00:00,0,0,0,0,0,0,0.0,19,-0.9659258262890684,0.2588190451025203,1
2026-01-06 19:28:00+00:00,0,0,0,0,0,0,0.0,19,-0.9659258262890684,0.2588190451025203,1
2026-01-06 19:29:00+00:00,0,0,0,0,0,0,0.0,19,-0.9659258262890684,0.2588190451025203,1
2026-01-06 19:30:00+00:00,0,0,0,0,0,0,0.0,19,-0.9659258262890684,0.2588190451025203,1
2026-01-06 19:31:00+00:00,0,0,0,0,0,0,0.0,19,-0.9659258262890684,0.2588190451025203,1
2026-01-06 19:32:00+00:00,0,0,0,0,0,0,0.0,19,-0.9659258262890684,0.2588190451025203,1
2026-01-06 19:33:00+00:00,0,0,0,0,0,0,0.0,19,-0.9659258262890684,0.2588190451025203,1
2026-01-06 19:34:00+00:00,0,0,0,0,0,0,0.0,19,-0.9659258262890684,0.2588190451025203,1
2026-01-06 19:35:00+00:00,0,0,0,0,0,0,0.0,19,-0.9659258262890684,0.2588190451025203,1
2026-01-06 19:36:00+00:00,0,0,0,0,0,0,0.0,19,-0.9659258262890684,0.2588190451025203,1
2026-01-06 19:37:00+00:00,0,0,0,0,0,0,0.0,19,-0.9659258262890684,0.2588190451025203,1
2026-01-06 19:38:00+00:00,0,0,0,0,0,0,0.0,19,-0.9659258262890684,0.2588190451025203,1
2026-01-06 19:39:00+00:00,0,0,0,0,0,0,0.0,19,-0.9659258262890684,0.2588190451025203,1
2026-01-06 19:40:00+00:00,0,0,0,0,0,0,0.0,19,-0.9659258262890684,0.2588190451025203,1
2026-01-06 19:41:00+00:00,0,0,0,0,0,0,0.0,19,-0.9659258262890684,0.2588190451025203,1
2026-01-06 19:42:00+00:00,0,0,0,0,0,0,0.0,19,-0.9659258262890684,0.2588190451025203,1
2026-01-06 19:43:00+00:00,0,0,0,0,0,0,0.0,19,-0.9659258262890684,0.2588190451025203,1
2026-01-06 19:44:00+00:00,0,0,0,0,0,0,0.0,19,-0.9659258262890684,0.2588190451025203,1
2026-01-06 19:45:00+00:00,0,0,0,0,0,0,0.0,19,-0.9659258262890684,0.2588190451025203,1
2026-01-06 19:46:00+00:00,0,0,0,0,0,0,0.0,19,-0.9659258262890684,0.2588190451025203,1
2026-01-06 19:47:00+00:00,0,0,0,0,0,0,0.0,19,-0.9659258262890684,0.2588190451025203,1
2026-01-06 19:48:00+00:00,0,0,0,0,0,0,0.0,19,-0.9659258262890684,0.2588190451025203,1
2026-01-06 19:49:00+00:00,0,0,0,0,0,0,0.0,19,-0.9659258262890684,0.2588190451025203,1
2026-01-06 19:50:00+00:00,0,0,0,0,0,0,0.0,19,-0.9659258262890684,0.2588190451025203,1
2026-01-06 19:51:00+00:00,0,0,0,0,0,0,0.0,19,-0.9659258262890684,0.2588190451025203,1
2026-01-06 19:52:00+00:00,0,0,0,0,0,0,0.0,19,-0.9659258262890684,0.2588190451025203,1
2026-01-06 19:53:00+00:00,0,0,0,0,0,0,0.0,19,-0.9659258262890684,0.2588190451025203,1
2026-01-06 19:54:00+00:00,0,0,0,0,0,0,0.0,19,-0.9659258262890684,0.2588190451025203,1
2026-01-06 19:55:00+00:00,0,0,0,0,0,0,0.0,19,-0.9659258262890684,0.2588190451025203,1
2026-01-06 19:56:00+00:00,0,0,0,0,0,0,0.0,19,-0.9659258262890684,0.2588190451025203,1
2026-01-06 19:57:00+00:00,0,0,0,0,0,0,0.0,19,-0.9659258262890684,0.2588190451025203,1
2026-01-06 19:58:00+00:00,0,0,0,0,0,0,0.0,19,-0.9659258262890684,0.2588190451025203,1
2026-01-06 19:59:00+00:00,0,0,0,0,0,0,0.0,19,-0.9659258262890684,0.2588190451025203,1
2026-01-06 20:00:00+00:00,0,0,0,0,0,0,0.0,20,-0.8660254037844386,0.5000000000000001,1
2026-01-06 20:01:00+00:00,0,0,0,0,0,0,0.0,20,-0.8660254037844386,0.5000000000000001,1
2026-01-06 20:02:00+00:00,0,0,0,0,0,0,0.0,20,-0.8660254037844386,0.5000000000000001,1
2026-01-06 20:03:00+00:00,0,0,0,0,0,0,0.0,20,-0.8660254037844386,0.5000000000000001,1
2026-01-06 20:04:00+00:00,0,0,0,0,0,0,0.0,20,-0.8660254037844386,0.5000000000000001,1
2026-01-06 20:05:00+00:00,0,0,0,0,0,0,0.0,20,-0.8660254037844386,0.5000000000000001,1
2026-01-06 20:06:00+00:00,0,0,0,0,0,0,0.0,20,-0.8660254037844386,0.5000000000000001,1
2026-01-06 20:07:00+00:00,0,0,0,0,0,0,0.0,20,-0.8660254037844386,0.5000000000000001,1
2026-01-06 20:08:00+00:00,0,0,0,0,0,0,0.0,20,-0.8660254037844386,0.5000000000000001,1
2026-01-06 20:09:00+00:00,0,0,0,0,0,0,0.0,20,-0.8660254037844386,0.5000000000000001,1
2026-01-06 20:10:00+00:00,0,0,0,0,0,0,0.0,20,-0.8660254037844386,0.5000000000000001,1
2026-01-06 20:11:00+00:00,0,0,0,0,0,0,0.0,20,-0.8660254037844386,0.5000000000000001,1
2026-01-06 20:12:00+00:00,0,0,0,0,0,0,0.0,20,-0.8660254037844386,0.5000000000000001,1
2026-01-06 20:13:00+00:00,0,0,0,0,0,0,0.0,20,-0.8660254037844386,0.5000000000000001,1
2026-01-06 20:14:00+00:00,0,0,0,0,0,0,0.0,20,-0.8660254037844386,0.5000000000000001,1
2026-01-06 20:15:00+00:00,0,0,0,0,0,0,0.0,20,-0.8660254037844386,0.5000000000000001,1
2026-01-06 20:16:00+00:00,0,0,0,0,0,0,0.0,20,-0.8660254037844386,0.5000000000000001,1
2026-01-06 20:17:00+00:00,0,0,0,0,0,0,0.0,20,-0.8660254037844386,0.5000000000000001,1
2026-01-06 20:18:00+00:00,0,0,0,0,0,0,0.0,20,-0.8660254037844386,0.5000000000000001,1
2026-01-06 20:19:00+00:00,0,0,0,0,0,0,0.0,20,-0.8660254037844386,0.5000000000000001,1
2026-01-06 20:20:00+00:00,0,0,0,0,0,0,0.0,20,-0.8660254037844386,0.5000000000000001,1
2026-01-06 20:21:00+00:00,0,0,0,0,0,0,0.0,20,-0.8660254037844386,0.5000000000000001,1
2026-01-06 20:22:00+00:00,0,0,0,0,0,0,0.0,20,-0.8660254037844386,0.5000000000000001,1
2026-01-06 20:23:00+00:00,0,0,0,0,0,0,0.0,20,-0.8660254037844386,0.5000000000000001,1
2026-01-06 20:24:00+00:00,0,0,0,0,0,0,0.0,20,-0.8660254037844386,0.5000000000000001,1
2026-01-06 20:25:00+00:00,0,0,0,0,0,0,0.0,20,-0.8660254037844386,0.5000000000000001,1
2026-01-06 20:26:00+00:00,0,0,0,0,0,0,0.0,20,-0.8660254037844386,0.5000000000000001,1
2026-01-06 20:27:00+00:00,0,0,0,0,0,0,0.0,20,-0.8660254037844386,0.5000000000000001,1
2026-01-06 20:28:00+00:00,0,0,0,0,0,0,0.0,20,-0.8660254037844386,0.5000000000000001,1
2026-01-06 20:29:00+00:00,0,0,0,0,0,0,0.0,20,-0.8660254037844386,0.5000000000000001,1
2026-01-06 20:30:00+00:00,0,0,0,0,0,0,0.0,20,-0.8660254037844386,0.5000000000000001,1
2026-01-06 20:31:00+00:00,0,0,0,0,0,0,0.0,20,-0.8660254037844386,0.5000000000000001,1
2026-01-06 20:32:00+00:00,0,0,0,0,0,0,0.0,20,-0.8660254037844386,0.5000000000000001,1
2026-01-06 20:33:00+00:00,0,0,0,0,0,0,0.0,20,-0.8660254037844386,0.5000000000000001,1
2026-01-06 20:34:00+00:00,0,0,0,0,0,0,0.0,20,-0.8660254037844386,0.5000000000000001,1
2026-01-06 20:35:00+00:00,0,0,0,0,0,0,0.0,20,-0.8660254037844386,0.5000000000000001,1
2026-01-06 20:36:00+00:00,0,0,0,0,0,0,0.0,20,-0.8660254037844386,0.5000000000000001,1
2026-01-06 20:37:00+00:00,0,0,0,0,0,0,0.0,20,-0.8660254037844386,0.5000000000000001,1
2026-01-06 20:38:00+00:00,0,0,0,0,0,0,0.0,20,-0.8660254037844386,0.5000000000000001,1
2026-01-06 20:39:00+00:00,0,0,0,0,0,0,0.0,20,-0.8660254037844386,0.5000000000000001,1
2026-01-06 20:40:00+00:00,0,0,0,0,0,0,0.0,20,-0.8660254037844386,0.5000000000000001,1
2026-01-06 20:41:00+00:00,0,0,0,0,0,0,0.0,20,-0.8660254037844386,0.5000000000000001,1
2026-01-06 20:42:00+00:00,0,0,0,0,0,0,0.0,20,-0.8660254037844386,0.5000000000000001,1
2026-01-06 20:43:00+00:00,0,0,0,0,0,0,0.0,20,-0.8660254037844386,0.5000000000000001,1
2026-01-06 20:44:00+00:00,0,0,0,0,0,0,0.0,20,-0.8660254037844386,0.5000000000000001,1
2026-01-06 20:45:00+00:00,0,0,0,0,0,0,0.0,20,-0.8660254037844386,0.5000000000000001,1
2026-01-06 20:46:00+00:00,0,0,0,0,0,0,0.0,20,-0.8660254037844386,0.5000000000000001,1
2026-01-06 20:47:00+00:00,0,0,0,0,0,0,0.0,20,-0.8660254037844386,0.5000000000000001,1
2026-01-06 20:48:00+00:00,0,0,0,0,0,0,0.0,20,-0.8660254037844386,0.5000000000000001,1
2026-01-06 20:49:00+00:00,0,0,0,0,0,0,0.0,20,-0.8660254037844386,0.5000000000000001,1
2026-01-06 20:50:00+00:00,0,0,0,0,0,0,0.0,20,-0.8660254037844386,0.5000000000000001,1
2026-01-06 20:51:00+00:00,0,0,0,0,0,0,0.0,20,-0.8660254037844386,0.5000000000000001,1
2026-01-06 20:52:00+00:00,0,0,0,0,0,0,0.0,20,-0.8660254037844386,0.5000000000000001,1
2026-01-06 20:53:00+00:00,0,0,0,0,0,0,0.0,20,-0.8660254037844386,0.5000000000000001,1
2026-01-06 20:54:00+00:00,0,0,0,0,0,0,0.0,20,-0.8660254037844386,0.5000000000000001,1
2026-01-06 20:55:00+00:00,0,0,0,0,0,0,0.0,20,-0.8660254037844386,0.5000000000000001,1
2026-01-06 20:56:00+00:00,0,0,0,0,0,0,0.0,20,-0.8660254037844386,0.5000000000000001,1
2026-01-06 20:57:00+00:00,0,0,0,0,0,0,0.0,20,-0.8660254037844386,0.5000000000000001,1
2026-01-06 20:58:00+00:00,0,0,0,0,0,0,0.0,20,-0.8660254037844386,0.5000000000000001,1
2026-01-06 20:59:00+00:00,0,0,0,0,0,0,0.0,20,-0.8660254037844386,0.5000000000000001,1
2026-01-06 21:00:00+00:00,0,0,0,0,0,0,0.0,21,-0.7071067811865477,0.7071067811865474,1
2026-01-06 21:01:00+00:00,0,0,0,0,0,0,0.0,21,-0.7071067811865477,0.7071067811865474,1
2026-01-06 21:02:00+00:00,0,0,0,0,0,0,0.0,21,-0.7071067811865477,0.7071067811865474,1
2026-01-06 21:03:00+00:00,0,0,0,0,0,0,0.0,21,-0.7071067811865477,0.7071067811865474,1
2026-01-06 21:04:00+00:00,0,0,0,0,0,0,0.0,21,-0.7071067811865477,0.7071067811865474,1
2026-01-06 21:05:00+00:00,0,0,0,0,0,0,0.0,21,-0.7071067811865477,0.7071067811865474,1
2026-01-06 21:06:00+00:00,0,0,0,0,0,0,0.0,21,-0.7071067811865477,0.7071067811865474,1
2026-01-06 21:07:00+00:00,0,0,0,0,0,0,0.0,21,-0.7071067811865477,0.7071067811865474,1
2026-01-06 21:08:00+00:00,0,0,0,0,0,0,0.0,21,-0.7071067811865477,0.7071067811865474,1
2026-01-06 21:09:00+00:00,0,0,0,0,0,0,0.0,21,-0.7071067811865477,0.7071067811865474,1
2026-01-06 21:10:00+00:00,0,0,0,0,0,0,0.0,21,-0.7071067811865477,0.7071067811865474,1
2026-01-06 21:11:00+00:00,0,0,0,0,0,0,0.0,21,-0.7071067811865477,0.7071067811865474,1
2026-01-06 21:12:00+00:00,0,0,0,0,0,0,0.0,21,-0.7071067811865477,0.7071067811865474,1
2026-01-06 21:13:00+00:00,0,0,0,0,0,0,0.0,21,-0.7071067811865477,0.7071067811865474,1
2026-01-06 21:14:00+00:00,0,0,0,0,0,0,0.0,21,-0.7071067811865477,0.7071067811865474,1
2026-01-06 21:15:00+00:00,0,0,0,0,0,0,0.0,21,-0.7071067811865477,0.7071067811865474,1
2026-01-06 21:16:00+00:00,0,0,0,0,0,0,0.0,21,-0.7071067811865477,0.7071067811865474,1
2026-01-06 21:17:00+00:00,0,0,0,0,0,0,0.0,21,-0.7071067811865477,0.7071067811865474,1
2026-01-06 21:18:00+00:00,0,0,0,0,0,0,0.0,21,-0.7071067811865477,0.7071067811865474,1
2026-01-06 21:19:00+00:00,0,0,0,0,0,0,0.0,21,-0.7071067811865477,0.7071067811865474,1
2026-01-06 21:20:00+00:00,0,0,0,0,0,0,0.0,21,-0.7071067811865477,0.7071067811865474,1
2026-01-06 21:21:00+00:00,0,0,0,0,0,0,0.0,21,-0.7071067811865477,0.7071067811865474,1
2026-01-06 21:22:00+00:00,0,0,0,0,0,0,0.0,21,-0.7071067811865477,0.7071067811865474,1
2026-01-06 21:23:00+00:00,0,0,0,0,0,0,0.0,21,-0.7071067811865477,0.7071067811865474,1
2026-01-06 21:24:00+00:00,0,0,0,0,0,0,0.0,21,-0.7071067811865477,0.7071067811865474,1
2026-01-06 21:25:00+00:00,0,0,0,0,0,0,0.0,21,-0.7071067811865477,0.7071067811865474,1
2026-01-06 21:26:00+00:00,0,0,0,0,0,0,0.0,21,-0.7071067811865477,0.7071067811865474,1
2026-01-06 21:27:00+00:00,0,0,0,0,0,0,0.0,21,-0.7071067811865477,0.7071067811865474,1
2026-01-06 21:28:00+00:00,0,0,0,0,0,0,0.0,21,-0.7071067811865477,0.7071067811865474,1
2026-01-06 21:29:00+00:00,0,0,0,0,0,0,0.0,21,-0.7071067811865477,0.7071067811865474,1
2026-01-06 21:30:00+00:00,0,0,0,0,0,0,0.0,21,-0.7071067811865477,0.7071067811865474,1
2026-01-06 21:31:00+00:00,0,0,0,0,0,0,0.0,21,-0.7071067811865477,0.7071067811865474,1
2026-01-06 21:32:00+00:00,0,0,0,0,0,0,0.0,21,-0.7071067811865477,0.7071067811865474,1
2026-01-06 21:33:00+00:00,0,0,0,0,0,0,0.0,21,-0.7071067811865477,0.7071067811865474,1
2026-01-06 21:34:00+00:00,0,0,0,0,0,0,0.0,21,-0.7071067811865477,0.7071067811865474,1
2026-01-06 21:35:00+00:00,0,0,0,0,0,0,0.0,21,-0.7071067811865477,0.7071067811865474,1
2026-01-06 21:36:00+00:00,0,0,0,0,0,0,0.0,21,-0.7071067811865477,0.7071067811865474,1
2026-01-06 21:37:00+00:00,0,0,0,0,0,0,0.0,21,-0.7071067811865477,0.7071067811865474,1
2026-01-06 21:38:00+00:00,0,0,0,0,0,0,0.0,21,-0.7071067811865477,0.7071067811865474,1
2026-01-06 21:39:00+00:00,0,0,0,0,0,0,0.0,21,-0.7071067811865477,0.7071067811865474,1
2026-01-06 21:40:00+00:00,0,0,0,0,0,0,0.0,21,-0.7071067811865477,0.7071067811865474,1
2026-01-06 21:41:00+00:00,0,0,0,0,0,0,0.0,21,-0.7071067811865477,0.7071067811865474,1
2026-01-06 21:42:00+00:00,0,0,0,0,0,0,0.0,21,-0.7071067811865477,0.7071067811865474,1
2026-01-06 21:43:00+00:00,0,0,0,0,0,0,0.0,21,-0.7071067811865477,0.7071067811865474,1
2026-01-06 21:44:00+00:00,0,0,0,0,0,0,0.0,21,-0.7071067811865477,0.7071067811865474,1
2026-01-06 21:45:00+00:00,0,0,0,0,0,0,0.0,21,-0.7071067811865477,0.7071067811865474,1
2026-01-06 21:46:00+00:00,0,0,0,0,0,0,0.0,21,-0.7071067811865477,0.7071067811865474,1
2026-01-06 21:47:00+00:00,0,0,0,0,0,0,0.0,21,-0.7071067811865477,0.7071067811865474,1
2026-01-06 21:48:00+00:00,0,0,0,0,0,0,0.0,21,-0.7071067811865477,0.7071067811865474,1
2026-01-06 21:49:00+00:00,0,0,0,0,0,0,0.0,21,-0.7071067811865477,0.7071067811865474,1
2026-01-06 21:50:00+00:00,0,0,0,0,0,0,0.0,21,-0.7071067811865477,0.7071067811865474,1
2026-01-06 21:51:00+00:00,0,0,0,0,0,0,0.0,21,-0.7071067811865477,0.7071067811865474,1
2026-01-06 21:52:00+00:00,0,0,0,0,0,0,0.0,21,-0.7071067811865477,0.7071067811865474,1
2026-01-06 21:53:00+00:00,0,0,0,0,0,0,0.0,21,-0.7071067811865477,0.7071067811865474,1
2026-01-06 21:54:00+00:00,0,0,0,0,0,0,0.0,21,-0.7071067811865477,0.7071067811865474,1
2026-01-06 21:55:00+00:00,0,0,0,0,0,0,0.0,21,-0.7071067811865477,0.7071067811865474,1
2026-01-06 21:56:00+00:00,0,0,0,0,0,0,0.0,21,-0.7071067811865477,0.7071067811865474,1
2026-01-06 21:57:00+00:00,0,0,0,0,0,0,0.0,21,-0.7071067811865477,0.7071067811865474,1
2026-01-06 21:58:00+00:00,0,0,0,0,0,0,0.0,21,-0.7071067811865477,0.7071067811865474,1
2026-01-06 21:59:00+00:00,0,0,0,0,0,0,0.0,21,-0.7071067811865477,0.7071067811865474,1
2026-01-06 22:00:00+00:00,0,0,0,0,0,0,0.0,22,-0.5000000000000004,0.8660254037844384,1
2026-01-06 22:01:00+00:00,0,0,0,0,0,0,0.0,22,-0.5000000000000004,0.8660254037844384,1
2026-01-06 22:02:00+00:00,0,0,0,0,0,0,0.0,22,-0.5000000000000004,0.8660254037844384,1
2026-01-06 22:03:00+00:00,0,0,0,0,0,0,0.0,22,-0.5000000000000004,0.8660254037844384,1
2026-01-06 22:04:00+00:00,0,0,0,0,0,0,0.0,22,-0.5000000000000004,0.8660254037844384,1
2026-01-06 22:05:00+00:00,0,0,0,0,0,0,0.0,22,-0.5000000000000004,0.8660254037844384,1
2026-01-06 22:06:00+00:00,0,0,0,0,0,0,0.0,22,-0.5000000000000004,0.8660254037844384,1
2026-01-06 22:07:00+00:00,0,0,0,0,0,0,0.0,22,-0.5000000000000004,0.8660254037844384,1
2026-01-06 22:08:00+00:00,0,0,0,0,0,0,0.0,22,-0.5000000000000004,0.8660254037844384,1
2026-01-06 22:09:00+00:00,0,0,0,0,0,0,0.0,22,-0.5000000000000004,0.8660254037844384,1
2026-01-06 22:10:00+00:00,0,0,0,0,0,0,0.0,22,-0.5000000000000004,0.8660254037844384,1
2026-01-06 22:11:00+00:00,0,0,0,0,0,0,0.0,22,-0.5000000000000004,0.8660254037844384,1
2026-01-06 22:12:00+00:00,0,0,0,0,0,0,0.0,22,-0.5000000000000004,0.8660254037844384,1
2026-01-06 22:13:00+00:00,0,0,0,0,0,0,0.0,22,-0.5000000000000004,0.8660254037844384,1
2026-01-06 22:14:00+00:00,0,0,0,0,0,0,0.0,22,-0.5000000000000004,0.8660254037844384,1
2026-01-06 22:15:00+00:00,0,0,0,0,0,0,0.0,22,-0.5000000000000004,0.8660254037844384,1
2026-01-06 22:16:00+00:00,0,0,0,0,0,0,0.0,22,-0.5000000000000004,0.8660254037844384,1
2026-01-06 22:17:00+00:00,0,0,0,0,0,0,0.0,22,-0.5000000000000004,0.8660254037844384,1
2026-01-06 22:18:00+00:00,0,0,0,0,0,0,0.0,22,-0.5000000000000004,0.8660254037844384,1
2026-01-06 22:19:00+00:00,0,0,0,0,0,0,0.0,22,-0.5000000000000004,0.8660254037844384,1
2026-01-06 22:20:00+00:00,0,0,0,0,0,0,0.0,22,-0.5000000000000004,0.8660254037844384,1
2026-01-06 22:21:00+00:00,0,0,0,0,0,0,0.0,22,-0.5000000000000004,0.8660254037844384,1
2026-01-06 22:22:00+00:00,0,0,0,0,0,0,0.0,22,-0.5000000000000004,0.8660254037844384,1
2026-01-06 22:23:00+00:00,0,0,0,0,0,0,0.0,22,-0.5000000000000004,0.8660254037844384,1
2026-01-06 22:24:00+00:00,0,0,0,0,0,0,0.0,22,-0.5000000000000004,0.8660254037844384,1
2026-01-06 22:25:00+00:00,0,0,0,0,0,0,0.0,22,-0.5000000000000004,0.8660254037844384,1
2026-01-06 22:26:00+00:00,0,0,0,0,0,0,0.0,22,-0.5000000000000004,0.8660254037844384,1
2026-01-06 22:27:00+00:00,0,0,0,0,0,0,0.0,22,-0.5000000000000004,0.8660254037844384,1
2026-01-06 22:28:00+00:00,0,0,0,0,0,0,0.0,22,-0.5000000000000004,0.8660254037844384,1
2026-01-06 22:29:00+00:00,0,0,0,0,0,0,0.0,22,-0.5000000000000004,0.8660254037844384,1
2026-01-06 22:30:00+00:00,0,0,0,0,0,0,0.0,22,-0.5000000000000004,0.8660254037844384,1
2026-01-06 22:31:00+00:00,0,0,0,0,0,0,0.0,22,-0.5000000000000004,0.8660254037844384,1
2026-01-06 22:32:00+00:00,0,0,0,0,0,0,0.0,22,-0.5000000000000004,0.8660254037844384,1
2026-01-06 22:33:00+00:00,0,0,0,0,0,0,0.0,22,-0.5000000000000004,0.8660254037844384,1
2026-01-06 22:34:00+00:00,0,0,0,0,0,0,0.0,22,-0.5000000000000004,0.8660254037844384,1
2026-01-06 22:35:00+00:00,0,0,0,0,0,0,0.0,22,-0.5000000000000004,0.8660254037844384,1
2026-01-06 22:36:00+00:00,0,0,0,0,0,0,0.0,22,-0.5000000000000004,0.8660254037844384,1
2026-01-06 22:37:00+00:00,0,0,0,0,0,0,0.0,22,-0.5000000000000004,0.8660254037844384,1
2026-01-06 22:38:00+00:00,0,0,0,0,0,0,0.0,22,-0.5000000000000004,0.8660254037844384,1
2026-01-06 22:39:00+00:00,0,0,0,0,0,0,0.0,22,-0.5000000000000004,0.8660254037844384,1
2026-01-06 22:40:00+00:00,0,0,0,0,0,0,0.0,22,-0.5000000000000004,0.8660254037844384,1
2026-01-06 22:41:00+00:00,0,0,0,0,0,0,0.0,22,-0.5000000000000004,0.8660254037844384,1
2026-01-06 22:42:00+00:00,0,0,0,0,0,0,0.0,22,-0.5000000000000004,0.8660254037844384,1
2026-01-06 22:43:00+00:00,0,0,0,0,0,0,0.0,22,-0.5000000000000004,0.8660254037844384,1
2026-01-06 22:44:00+00:00,0,0,0,0,0,0,0.0,22,-0.5000000000000004,0.8660254037844384,1
2026-01-06 22:45:00+00:00,0,0,0,0,0,0,0.0,22,-0.5000000000000004,0.8660254037844384,1
2026-01-06 22:46:00+00:00,0,0,0,0,0,0,0.0,22,-0.5000000000000004,0.8660254037844384,1
2026-01-06 22:47:00+00:00,0,0,0,0,0,0,0.0,22,-0.5000000000000004,0.8660254037844384,1
2026-01-06 22:48:00+00:00,0,0,0,0,0,0,0.0,22,-0.5000000000000004,0.8660254037844384,1
2026-01-06 22:49:00+00:00,0,0,0,0,0,0,0.0,22,-0.5000000000000004,0.8660254037844384,1
2026-01-06 22:50:00+00:00,0,0,0,0,0,0,0.0,22,-0.5000000000000004,0.8660254037844384,1
2026-01-06 22:51:00+00:00,0,0,0,0,0,0,0.0,22,-0.5000000000000004,0.8660254037844384,1
2026-01-06 22:52:00+00:00,0,0,0,0,0,0,0.0,22,-0.5000000000000004,0.8660254037844384,1
2026-01-06 22:53:00+00:00,0,0,0,0,0,0,0.0,22,-0.5000000000000004,0.8660254037844384,1
2026-01-06 22:54:00+00:00,0,0,0,0,0,0,0.0,22,-0.5000000000000004,0.8660254037844384,1
2026-01-06 22:55:00+00:00,0,0,0,0,0,0,0.0,22,-0.5000000000000004,0.8660254037844384,1
2026-01-06 22:56:00+00:00,0,0,0,0,0,0,0.0,22,-0.5000000000000004,0.8660254037844384,1
2026-01-06 22:57:00+00:00,0,0,0,0,0,0,0.0,22,-0.5000000000000004,0.8660254037844384,1
2026-01-06 22:58:00+00:00,0,0,0,0,0,0,0.0,22,-0.5000000000000004,0.8660254037844384,1
2026-01-06 22:59:00+00:00,0,0,0,0,0,0,0.0,22,-0.5000000000000004,0.8660254037844384,1
2026-01-06 23:00:00+00:00,0,0,0,0,0,0,0.0,23,-0.25881904510252157,0.9659258262890681,1
2026-01-06 23:01:00+00:00,0,0,0,0,0,0,0.0,23,-0.25881904510252157,0.9659258262890681,1
2026-01-06 23:02:00+00:00,0,0,0,0,0,0,0.0,23,-0.25881904510252157,0.9659258262890681,1
2026-01-06 23:03:00+00:00,0,0,0,0,0,0,0.0,23,-0.25881904510252157,0.9659258262890681,1
2026-01-06 23:04:00+00:00,0,0,0,0,0,0,0.0,23,-0.25881904510252157,0.9659258262890681,1
2026-01-06 23:05:00+00:00,0,0,0,0,0,0,0.0,23,-0.25881904510252157,0.9659258262890681,1
2026-01-06 23:06:00+00:00,0,0,0,0,0,0,0.0,23,-0.25881904510252157,0.9659258262890681,1
2026-01-06 23:07:00+00:00,0,0,0,0,0,0,0.0,23,-0.25881904510252157,0.9659258262890681,1
2026-01-06 23:08:00+00:00,0,0,0,0,0,0,0.0,23,-0.25881904510252157,0.9659258262890681,1
2026-01-06 23:09:00+00:00,0,0,0,0,0,0,0.0,23,-0.25881904510252157,0.9659258262890681,1
2026-01-06 23:10:00+00:00,0,0,0,0,0,0,0.0,23,-0.25881904510252157,0.9659258262890681,1
2026-01-06 23:11:00+00:00,0,0,0,0,0,0,0.0,23,-0.25881904510252157,0.9659258262890681,1
2026-01-06 23:12:00+00:00,0,0,0,0,0,0,0.0,23,-0.25881904510252157,0.9659258262890681,1
2026-01-06 23:13:00+00:00,0,0,0,0,0,0,0.0,23,-0.25881904510252157,0.9659258262890681,1
2026-01-06 23:14:00+00:00,0,0,0,0,0,0,0.0,23,-0.25881904510252157,0.9659258262890681,1
2026-01-06 23:15:00+00:00,0,0,0,0,0,0,0.0,23,-0.25881904510252157,0.9659258262890681,1
2026-01-06 23:16:00+00:00,0,0,0,0,0,0,0.0,23,-0.25881904510252157,0.9659258262890681,1
2026-01-06 23:17:00+00:00,0,0,0,0,0,0,0.0,23,-0.25881904510252157,0.9659258262890681,1
2026-01-06 23:18:00+00:00,0,0,0,0,0,0,0.0,23,-0.25881904510252157,0.9659258262890681,1
2026-01-06 23:19:00+00:00,0,0,0,0,0,0,0.0,23,-0.25881904510252157,0.9659258262890681,1
2026-01-06 23:20:00+00:00,0,0,0,0,0,0,0.0,23,-0.25881904510252157,0.9659258262890681,1
2026-01-06 23:21:00+00:00,0,0,0,0,0,0,0.0,23,-0.25881904510252157,0.9659258262890681,1
2026-01-06 23:22:00+00:00,0,0,0,0,0,0,0.0,23,-0.25881904510252157,0.9659258262890681,1
2026-01-06 23:23:00+00:00,0,0,0,0,0,0,0.0,23,-0.25881904510252157,0.9659258262890681,1
2026-01-06 23:24:00+00:00,0,0,0,0,0,0,0.0,23,-0.25881904510252157,0.9659258262890681,1
2026-01-06 23:25:00+00:00,0,0,0,0,0,0,0.0,23,-0.25881904510252157,0.9659258262890681,1
2026-01-06 23:26:00+00:00,0,0,0,0,0,0,0.0,23,-0.25881904510252157,0.9659258262890681,1
2026-01-06 23:27:00+00:00,0,0,0,0,0,0,0.0,23,-0.25881904510252157,0.9659258262890681,1
2026-01-06 23:28:00+00:00,0,0,0,0,0,0,0.0,23,-0.25881904510252157,0.9659258262890681,1
2026-01-06 23:29:00+00:00,0,0,0,0,0,0,0.0,23,-0.25881904510252157,0.9659258262890681,1
2026-01-06 23:30:00+00:00,0,0,0,0,0,0,0.0,23,-0.25881904510252157,0.9659258262890681,1
2026-01-06 23:31:00+00:00,0,0,0,0,0,0,0.0,23,-0.25881904510252157,0.9659258262890681,1
2026-01-06 23:32:00+00:00,0,0,0,0,0,0,0.0,23,-0.25881904510252157,0.9659258262890681,1
2026-01-06 23:33:00+00:00,0,0,0,0,0,0,0.0,23,-0.25881904510252157,0.9659258262890681,1
2026-01-06 23:34:00+00:00,0,0,0,0,0,0,0.0,23,-0.25881904510252157,0.9659258262890681,1
2026-01-06 23:35:00+00:00,0,0,0,0,0,0,0.0,23,-0.25881904510252157,0.9659258262890681,1
2026-01-06 23:36:00+00:00,0,0,0,0,0,0,0.0,23,-0.25881904510252157,0.9659258262890681,1
2026-01-06 23:37:00+00:00,0,0,0,0,0,0,0.0,23,-0.25881904510252157,0.9659258262890681,1
2026-01-06 23:38:00+00:00,0,0,0,0,0,0,0.0,23,-0.25881904510252157,0.9659258262890681,1
2026-01-06 23:39:00+00:00,0,0,0,0,0,0,0.0,23,-0.25881904510252157,0.9659258262890681,1
2026-01-06 23:40:00+00:00,0,0,0,0,0,0,0.0,23,-0.25881904510252157,0.9659258262890681,1
2026-01-06 23:41:00+00:00,0,0,0,0,0,0,0.0,23,-0.25881904510252157,0.9659258262890681,1
2026-01-06 23:42:00+00:00,0,0,0,0,0,0,0.0,23,-0.25881904510252157,0.9659258262890681,1
2026-01-06 23:43:00+00:00,0,0,0,0,0,0,0.0,23,-0.25881904510252157,0.9659258262890681,1
2026-01-06 23:44:00+00:00,0,0,0,0,0,0,0.0,23,-0.25881904510252157,0.9659258262890681,1
2026-01-06 23:45:00+00:00,0,0,0,0,0,0,0.0,23,-0.25881904510252157,0.9659258262890681,1
2026-01-06 23:46:00+00:00,0,0,0,0,0,0,0.0,23,-0.25881904510252157,0.9659258262890681,1
2026-01-06 23:47:00+00:00,0,0,0,0,0,0,0.0,23,-0.25881904510252157,0.9659258262890681,1
2026-01-06 23:48:00+00:00,0,0,0,0,0,0,0.0,23,-0.25881904510252157,0.9659258262890681,1
2026-01-06 23:49:00+00:00,0,0,0,0,0,0,0.0,23,-0.25881904510252157,0.9659258262890681,1
2026-01-06 23:50:00+00:00,0,0,0,0,0,0,0.0,23,-0.25881904510252157,0.9659258262890681,1
2026-01-06 23:51:00+00:00,0,0,0,0,0,0,0.0,23,-0.25881904510252157,0.9659258262890681,1
2026-01-06 23:52:00+00:00,0,0,0,0,0,0,0.0,23,-0.25881904510252157,0.9659258262890681,1
2026-01-06 23:53:00+00:00,0,0,0,0,0,0,0.0,23,-0.25881904510252157,0.9659258262890681,1
2026-01-06 23:54:00+00:00,0,0,0,0,0,0,0.0,23,-0.25881904510252157,0.9659258262890681,1
2026-01-06 23:55:00+00:00,0,0,0,0,0,0,0.0,23,-0.25881904510252157,0.9659258262890681,1
2026-01-06 23:56:00+00:00,0,0,0,0,0,0,0.0,23,-0.25881904510252157,0.9659258262890681,1
2026-01-06 23:57:00+00:00,0,0,0,0,0,0,0.0,23,-0.25881904510252157,0.9659258262890681,1
2026-01-06 23:58:00+00:00,0,0,0,0,0,0,0.0,23,-0.25881904510252157,0.9659258262890681,1
2026-01-06 23:59:00+00:00,0,0,0,0,0,0,0.0,23,-0.25881904510252157,0.9659258262890681,1
2026-01-07 00:00:00+00:00,0,0,0,0,0,0,0.0,0,0.0,1.0,1
2026-01-07 00:01:00+00:00,0,0,0,0,0,0,0.0,0,0.0,1.0,1
2026-01-07 00:02:00+00:00,0,0,0,0,0,0,0.0,0,0.0,1.0,1
2026-01-07 00:03:00+00:00,0,0,0,0,0,0,0.0,0,0.0,1.0,1
2026-01-07 00:04:00+00:00,0,0,0,0,0,0,0.0,0,0.0,1.0,1
2026-01-07 00:05:00+00:00,0,0,0,0,0,0,0.0,0,0.0,1.0,1
2026-01-07 00:06:00+00:00,0,0,0,0,0,0,0.0,0,0.0,1.0,1
2026-01-07 00:07:00+00:00,0,0,0,0,0,0,0.0,0,0.0,1.0,1
2026-01-07 00:08:00+00:00,0,0,0,0,0,0,0.0,0,0.0,1.0,1
2026-01-07 00:09:00+00:00,0,0,0,0,0,0,0.0,0,0.0,1.0,1
2026-01-07 00:10:00+00:00,0,0,0,0,0,0,0.0,0,0.0,1.0,1
2026-01-07 00:11:00+00:00,0,0,0,0,0,0,0.0,0,0.0,1.0,1
2026-01-07 00:12:00+00:00,0,0,0,0,0,0,0.0,0,0.0,1.0,1
2026-01-07 00:13:00+00:00,0,0,0,0,0,0,0.0,0,0.0,1.0,1
2026-01-07 00:14:00+00:00,0,0,0,0,0,0,0.0,0,0.0,1.0,1
2026-01-07 00:15:00+00:00,0,0,0,0,0,0,0.0,0,0.0,1.0,1
2026-01-07 00:16:00+00:00,0,0,0,0,0,0,0.0,0,0.0,1.0,1
2026-01-07 00:17:00+00:00,0,0,0,0,0,0,0.0,0,0.0,1.0,1
2026-01-07 00:18:00+00:00,0,0,0,0,0,0,0.0,0,0.0,1.0,1
2026-01-07 00:19:00+00:00,0,0,0,0,0,0,0.0,0,0.0,1.0,1
2026-01-07 00:20:00+00:00,0,0,0,0,0,0,0.0,0,0.0,1.0,1
2026-01-07 00:21:00+00:00,0,0,0,0,0,0,0.0,0,0.0,1.0,1
2026-01-07 00:22:00+00:00,0,0,0,0,0,0,0.0,0,0.0,1.0,1
2026-01-07 00:23:00+00:00,0,0,0,0,0,0,0.0,0,0.0,1.0,1
2026-01-07 00:24:00+00:00,0,0,0,0,0,0,0.0,0,0.0,1.0,1
2026-01-07 00:25:00+00:00,0,0,0,0,0,0,0.0,0,0.0,1.0,1
2026-01-07 00:26:00+00:00,0,0,0,0,0,0,0.0,0,0.0,1.0,1
2026-01-07 00:27:00+00:00,0,0,0,0,0,0,0.0,0,0.0,1.0,1
2026-01-07 00:28:00+00:00,0,0,0,0,0,0,0.0,0,0.0,1.0,1
2026-01-07 00:29:00+00:00,0,0,0,0,0,0,0.0,0,0.0,1.0,1
2026-01-07 00:30:00+00:00,0,0,0,0,0,0,0.0,0,0.0,1.0,1
2026-01-07 00:31:00+00:00,0,0,0,0,0,0,0.0,0,0.0,1.0,1
2026-01-07 00:32:00+00:00,0,0,0,0,0,0,0.0,0,0.0,1.0,1
2026-01-07 00:33:00+00:00,0,0,0,0,0,0,0.0,0,0.0,1.0,1
2026-01-07 00:34:00+00:00,0,0,0,0,0,0,0.0,0,0.0,1.0,1
2026-01-07 00:35:00+00:00,0,0,0,0,0,0,0.0,0,0.0,1.0,1
2026-01-07 00:36:00+00:00,0,0,0,0,0,0,0.0,0,0.0,1.0,1
2026-01-07 00:37:00+00:00,0,0,0,0,0,0,0.0,0,0.0,1.0,1
2026-01-07 00:38:00+00:00,0,0,0,0,0,0,0.0,0,0.0,1.0,1
2026-01-07 00:39:00+00:00,0,0,0,0,0,0,0.0,0,0.0,1.0,1
2026-01-07 00:40:00+00:00,0,0,0,0,0,0,0.0,0,0.0,1.0,1
2026-01-07 00:41:00+00:00,0,0,0,0,0,0,0.0,0,0.0,1.0,1
2026-01-07 00:42:00+00:00,0,0,0,0,0,0,0.0,0,0.0,1.0,1
2026-01-07 00:43:00+00:00,0,0,0,0,0,0,0.0,0,0.0,1.0,1
2026-01-07 00:44:00+00:00,0,0,0,0,0,0,0.0,0,0.0,1.0,1
2026-01-07 00:45:00+00:00,0,0,0,0,0,0,0.0,0,0.0,1.0,1
2026-01-07 00:46:00+00:00,0,0,0,0,0,0,0.0,0,0.0,1.0,1
2026-01-07 00:47:00+00:00,0,0,0,0,0,0,0.0,0,0.0,1.0,1
2026-01-07 00:48:00+00:00,0,0,0,0,0,0,0.0,0,0.0,1.0,1
2026-01-07 00:49:00+00:00,0,0,0,0,0,0,0.0,0,0.0,1.0,1
2026-01-07 00:50:00+00:00,0,0,0,0,0,0,0.0,0,0.0,1.0,1
2026-01-07 00:51:00+00:00,0,0,0,0,0,0,0.0,0,0.0,1.0,1
2026-01-07 00:52:00+00:00,0,0,0,0,0,0,0.0,0,0.0,1.0,1
2026-01-07 00:53:00+00:00,0,0,0,0,0,0,0.0,0,0.0,1.0,1
2026-01-07 00:54:00+00:00,0,0,0,0,0,0,0.0,0,0.0,1.0,1
2026-01-07 00:55:00+00:00,0,0,0,0,0,0,0.0,0,0.0,1.0,1
2026-01-07 00:56:00+00:00,0,0,0,0,0,0,0.0,0,0.0,1.0,1
2026-01-07 00:57:00+00:00,0,0,0,0,0,0,0.0,0,0.0,1.0,1
2026-01-07 00:58:00+00:00,0,0,0,0,0,0,0.0,0,0.0,1.0,1
2026-01-07 00:59:00+00:00,0,0,0,0,0,0,0.0,0,0.0,1.0,1
2026-01-07 01:00:00+00:00,0,0,0,0,0,0,0.0,1,0.25881904510252074,0.9659258262890683,1
2026-01-07 01:01:00+00:00,0,0,0,0,0,0,0.0,1,0.25881904510252074,0.9659258262890683,1
2026-01-07 01:02:00+00:00,0,0,0,0,0,0,0.0,1,0.25881904510252074,0.9659258262890683,1
2026-01-07 01:03:00+00:00,0,0,0,0,0,0,0.0,1,0.25881904510252074,0.9659258262890683,1
2026-01-07 01:04:00+00:00,0,0,0,0,0,0,0.0,1,0.25881904510252074,0.9659258262890683,1
2026-01-07 01:05:00+00:00,0,0,0,0,0,0,0.0,1,0.25881904510252074,0.9659258262890683,1
2026-01-07 01:06:00+00:00,0,0,0,0,0,0,0.0,1,0.25881904510252074,0.9659258262890683,1
2026-01-07 01:07:00+00:00,0,0,0,0,0,0,0.0,1,0.25881904510252074,0.9659258262890683,1
2026-01-07 01:08:00+00:00,0,0,0,0,0,0,0.0,1,0.25881904510252074,0.9659258262890683,1
2026-01-07 01:09:00+00:00,0,0,0,0,0,0,0.0,1,0.25881904510252074,0.9659258262890683,1
2026-01-07 01:10:00+00:00,0,0,0,0,0,0,0.0,1,0.25881904510252074,0.9659258262890683,1
2026-01-07 01:11:00+00:00,0,0,0,0,0,0,0.0,1,0.25881904510252074,0.9659258262890683,1
2026-01-07 01:12:00+00:00,0,0,0,0,0,0,0.0,1,0.25881904510252074,0.9659258262890683,1
2026-01-07 01:13:00+00:00,0,0,0,0,0,0,0.0,1,0.25881904510252074,0.9659258262890683,1
2026-01-07 01:14:00+00:00,0,0,0,0,0,0,0.0,1,0.25881904510252074,0.9659258262890683,1
2026-01-07 01:15:00+00:00,0,0,0,0,0,0,0.0,1,0.25881904510252074,0.9659258262890683,1
2026-01-07 01:16:00+00:00,0,0,0,0,0,0,0.0,1,0.25881904510252074,0.9659258262890683,1
2026-01-07 01:17:00+00:00,0,0,0,0,0,0,0.0,1,0.25881904510252074,0.9659258262890683,1
2026-01-07 01:18:00+00:00,0,0,0,0,0,0,0.0,1,0.25881904510252074,0.9659258262890683,1
2026-01-07 01:19:00+00:00,0,0,0,0,0,0,0.0,1,0.25881904510252074,0.9659258262890683,1
2026-01-07 01:20:00+00:00,0,0,0,0,0,0,0.0,1,0.25881904510252074,0.9659258262890683,1
2026-01-07 01:21:00+00:00,0,0,0,0,0,0,0.0,1,0.25881904510252074,0.9659258262890683,1
2026-01-07 01:22:00+00:00,0,0,0,0,0,0,0.0,1,0.25881904510252074,0.9659258262890683,1
2026-01-07 01:23:00+00:00,0,0,0,0,0,0,0.0,1,0.25881904510252074,0.9659258262890683,1
2026-01-07 01:24:00+00:00,0,0,0,0,0,0,0.0,1,0.25881904510252074,0.9659258262890683,1
2026-01-07 01:25:00+00:00,0,0,0,0,0,0,0.0,1,0.25881904510252074,0.9659258262890683,1
2026-01-07 01:26:00+00:00,0,0,0,0,0,0,0.0,1,0.25881904510252074,0.9659258262890683,1
2026-01-07 01:27:00+00:00,0,0,0,0,0,0,0.0,1,0.25881904510252074,0.9659258262890683,1
2026-01-07 01:28:00+00:00,0,0,0,0,0,0,0.0,1,0.25881904510252074,0.9659258262890683,1
2026-01-07 01:29:00+00:00,0,0,0,0,0,0,0.0,1,0.25881904510252074,0.9659258262890683,1
2026-01-07 01:30:00+00:00,0,0,0,0,0,0,0.0,1,0.25881904510252074,0.9659258262890683,1
2026-01-07 01:31:00+00:00,0,0,0,0,0,0,0.0,1,0.25881904510252074,0.9659258262890683,1
2026-01-07 01:32:00+00:00,0,0,0,0,0,0,0.0,1,0.25881904510252074,0.9659258262890683,1
2026-01-07 01:33:00+00:00,0,0,0,0,0,0,0.0,1,0.25881904510252074,0.9659258262890683,1
2026-01-07 01:34:00+00:00,0,0,0,0,0,0,0.0,1,0.25881904510252074,0.9659258262890683,1
2026-01-07 01:35:00+00:00,0,0,0,0,0,0,0.0,1,0.25881904510252074,0.9659258262890683,1
2026-01-07 01:36:00+00:00,0,0,0,0,0,0,0.0,1,0.25881904510252074,0.9659258262890683,1
2026-01-07 01:37:00+00:00,0,0,0,0,0,0,0.0,1,0.25881904510252074,0.9659258262890683,1
2026-01-07 01:38:00+00:00,0,0,0,0,0,0,0.0,1,0.25881904510252074,0.9659258262890683,1
2026-01-07 01:39:00+00:00,0,0,0,0,0,0,0.0,1,0.25881904510252074,0.9659258262890683,1
2026-01-07 01:40:00+00:00,0,0,0,0,0,0,0.0,1,0.25881904510252074,0.9659258262890683,1
2026-01-07 01:41:00+00:00,0,0,0,0,0,0,0.0,1,0.25881904510252074,0.9659258262890683,1
2026-01-07 01:42:00+00:00,0,0,0,0,0,0,0.0,1,0.25881904510252074,0.9659258262890683,1
2026-01-07 01:43:00+00:00,0,0,0,0,0,0,0.0,1,0.25881904510252074,0.9659258262890683,1
2026-01-07 01:44:00+00:00,0,0,0,0,0,0,0.0,1,0.25881904510252074,0.9659258262890683,1
2026-01-07 01:45:00+00:00,0,0,0,0,0,0,0.0,1,0.25881904510252074,0.9659258262890683,1
2026-01-07 01:46:00+00:00,0,0,0,0,0,0,0.0,1,0.25881904510252074,0.9659258262890683,1
2026-01-07 01:47:00+00:00,0,0,0,0,0,0,0.0,1,0.25881904510252074,0.9659258262890683,1
2026-01-07 01:48:00+00:00,0,0,0,0,0,0,0.0,1,0.25881904510252074,0.9659258262890683,1
2026-01-07 01:49:00+00:00,0,0,0,0,0,0,0.0,1,0.25881904510252074,0.9659258262890683,1
2026-01-07 01:50:00+00:00,0,0,0,0,0,0,0.0,1,0.25881904510252074,0.9659258262890683,1
2026-01-07 01:51:00+00:00,0,0,0,0,0,0,0.0,1,0.25881904510252074,0.9659258262890683,1
2026-01-07 01:52:00+00:00,0,0,0,0,0,0,0.0,1,0.25881904510252074,0.9659258262890683,1
2026-01-07 01:53:00+00:00,0,0,0,0,0,0,0.0,1,0.25881904510252074,0.9659258262890683,1
2026-01-07 01:54:00+00:00,0,0,0,0,0,0,0.0,1,0.25881904510252074,0.9659258262890683,1
2026-01-07 01:55:00+00:00,0,0,0,0,0,0,0.0,1,0.25881904510252074,0.9659258262890683,1
2026-01-07 01:56:00+00:00,0,0,0,0,0,0,0.0,1,0.25881904510252074,0.9659258262890683,1
2026-01-07 01:57:00+00:00,0,0,0,0,0,0,0.0,1,0.25881904510252074,0.9659258262890683,1
2026-01-07 01:58:00+00:00,0,0,0,0,0,0,0.0,1,0.25881904510252074,0.9659258262890683,1
2026-01-07 01:59:00+00:00,0,0,0,0,0,0,0.0,1,0.25881904510252074,0.9659258262890683,1
2026-01-07 02:00:00+00:00,0,0,0,0,0,0,0.0,2,0.49999999999999994,0.8660254037844387,1
2026-01-07 02:01:00+00:00,0,0,0,0,0,0,0.0,2,0.49999999999999994,0.8660254037844387,1
2026-01-07 02:02:00+00:00,0,0,0,0,0,0,0.0,2,0.49999999999999994,0.8660254037844387,1
2026-01-07 02:03:00+00:00,0,0,0,0,0,0,0.0,2,0.49999999999999994,0.8660254037844387,1
2026-01-07 02:04:00+00:00,0,0,0,0,0,0,0.0,2,0.49999999999999994,0.8660254037844387,1
2026-01-07 02:05:00+00:00,0,0,0,0,0,0,0.0,2,0.49999999999999994,0.8660254037844387,1
2026-01-07 02:06:00+00:00,0,0,0,0,0,0,0.0,2,0.49999999999999994,0.8660254037844387,1
2026-01-07 02:07:00+00:00,0,0,0,0,0,0,0.0,2,0.49999999999999994,0.8660254037844387,1
2026-01-07 02:08:00+00:00,0,0,0,0,0,0,0.0,2,0.49999999999999994,0.8660254037844387,1
2026-01-07 02:09:00+00:00,0,0,0,0,0,0,0.0,2,0.49999999999999994,0.8660254037844387,1
2026-01-07 02:10:00+00:00,0,0,0,0,0,0,0.0,2,0.49999999999999994,0.8660254037844387,1
2026-01-07 02:11:00+00:00,0,0,0,0,0,0,0.0,2,0.49999999999999994,0.8660254037844387,1
2026-01-07 02:12:00+00:00,0,0,0,0,0,0,0.0,2,0.49999999999999994,0.8660254037844387,1
2026-01-07 02:13:00+00:00,0,0,0,0,0,0,0.0,2,0.49999999999999994,0.8660254037844387,1
2026-01-07 02:14:00+00:00,0,0,0,0,0,0,0.0,2,0.49999999999999994,0.8660254037844387,1
2026-01-07 02:15:00+00:00,0,0,0,0,0,0,0.0,2,0.49999999999999994,0.8660254037844387,1
2026-01-07 02:16:00+00:00,0,0,0,0,0,0,0.0,2,0.49999999999999994,0.8660254037844387,1
2026-01-07 02:17:00+00:00,0,0,0,0,0,0,0.0,2,0.49999999999999994,0.8660254037844387,1
2026-01-07 02:18:00+00:00,0,0,0,0,0,0,0.0,2,0.49999999999999994,0.8660254037844387,1
2026-01-07 02:19:00+00:00,0,0,0,0,0,0,0.0,2,0.49999999999999994,0.8660254037844387,1
2026-01-07 02:20:00+00:00,0,0,0,0,0,0,0.0,2,0.49999999999999994,0.8660254037844387,1
2026-01-07 02:21:00+00:00,0,0,0,0,0,0,0.0,2,0.49999999999999994,0.8660254037844387,1
2026-01-07 02:22:00+00:00,0,0,0,0,0,0,0.0,2,0.49999999999999994,0.8660254037844387,1
2026-01-07 02:23:00+00:00,0,0,0,0,0,0,0.0,2,0.49999999999999994,0.8660254037844387,1
2026-01-07 02:24:00+00:00,0,0,0,0,0,0,0.0,2,0.49999999999999994,0.8660254037844387,1
2026-01-07 02:25:00+00:00,0,0,0,0,0,0,0.0,2,0.49999999999999994,0.8660254037844387,1
2026-01-07 02:26:00+00:00,0,0,0,0,0,0,0.0,2,0.49999999999999994,0.8660254037844387,1
2026-01-07 02:27:00+00:00,0,0,0,0,0,0,0.0,2,0.49999999999999994,0.8660254037844387,1
2026-01-07 02:28:00+00:00,0,0,0,0,0,0,0.0,2,0.49999999999999994,0.8660254037844387,1
2026-01-07 02:29:00+00:00,0,0,0,0,0,0,0.0,2,0.49999999999999994,0.8660254037844387,1
2026-01-07 02:30:00+00:00,0,0,0,0,0,0,0.0,2,0.49999999999999994,0.8660254037844387,1
2026-01-07 02:31:00+00:00,0,0,0,0,0,0,0.0,2,0.49999999999999994,0.8660254037844387,1
2026-01-07 02:32:00+00:00,0,0,0,0,0,0,0.0,2,0.49999999999999994,0.8660254037844387,1
2026-01-07 02:33:00+00:00,0,0,0,0,0,0,0.0,2,0.49999999999999994,0.8660254037844387,1
2026-01-07 02:34:00+00:00,0,0,0,0,0,0,0.0,2,0.49999999999999994,0.8660254037844387,1
2026-01-07 02:35:00+00:00,0,0,0,0,0,0,0.0,2,0.49999999999999994,0.8660254037844387,1
2026-01-07 02:36:00+00:00,0,0,0,0,0,0,0.0,2,0.49999999999999994,0.8660254037844387,1
2026-01-07 02:37:00+00:00,0,0,0,0,0,0,0.0,2,0.49999999999999994,0.8660254037844387,1
2026-01-07 02:38:00+00:00,0,0,0,0,0,0,0.0,2,0.49999999999999994,0.8660254037844387,1
2026-01-07 02:39:00+00:00,0,0,0,0,0,0,0.0,2,0.49999999999999994,0.8660254037844387,1
2026-01-07 02:40:00+00:00,0,0,0,0,0,0,0.0,2,0.49999999999999994,0.8660254037844387,1
2026-01-07 02:41:00+00:00,0,0,0,0,0,0,0.0,2,0.49999999999999994,0.8660254037844387,1
2026-01-07 02:42:00+00:00,0,0,0,0,0,0,0.0,2,0.49999999999999994,0.8660254037844387,1
2026-01-07 02:43:00+00:00,0,0,0,0,0,0,0.0,2,0.49999999999999994,0.8660254037844387,1
2026-01-07 02:44:00+00:00,0,0,0,0,0,0,0.0,2,0.49999999999999994,0.8660254037844387,1
2026-01-07 02:45:00+00:00,0,0,0,0,0,0,0.0,2,0.49999999999999994,0.8660254037844387,1
2026-01-07 02:46:00+00:00,0,0,0,0,0,0,0.0,2,0.49999999999999994,0.8660254037844387,1
2026-01-07 02:47:00+00:00,0,0,0,0,0,0,0.0,2,0.49999999999999994,0.8660254037844387,1
2026-01-07 02:48:00+00:00,0,0,0,0,0,0,0.0,2,0.49999999999999994,0.8660254037844387,1
2026-01-07 02:49:00+00:00,0,0,0,0,0,0,0.0,2,0.49999999999999994,0.8660254037844387,1
2026-01-07 02:50:00+00:00,0,0,0,0,0,0,0.0,2,0.49999999999999994,0.8660254037844387,1
2026-01-07 02:51:00+00:00,0,0,0,0,0,0,0.0,2,0.49999999999999994,0.8660254037844387,1
2026-01-07 02:52:00+00:00,0,0,0,0,0,0,0.0,2,0.49999999999999994,0.8660254037844387,1
2026-01-07 02:53:00+00:00,0,0,0,0,0,0,0.0,2,0.49999999999999994,0.8660254037844387,1
2026-01-07 02:54:00+00:00,0,0,0,0,0,0,0.0,2,0.49999999999999994,0.8660254037844387,1
2026-01-07 02:55:00+00:00,0,0,0,0,0,0,0.0,2,0.49999999999999994,0.8660254037844387,1
2026-01-07 02:56:00+00:00,0,0,0,0,0,0,0.0,2,0.49999999999999994,0.8660254037844387,1
2026-01-07 02:57:00+00:00,0,0,0,0,0,0,0.0,2,0.49999999999999994,0.8660254037844387,1
2026-01-07 02:58:00+00:00,0,0,0,0,0,0,0.0,2,0.49999999999999994,0.8660254037844387,1
2026-01-07 02:59:00+00:00,0,0,0,0,0,0,0.0,2,0.49999999999999994,0.8660254037844387,1
2026-01-07 03:00:00+00:00,0,0,0,0,0,0,0.0,3,0.7071067811865475,0.7071067811865476,1
2026-01-07 03:01:00+00:00,0,0,0,0,0,0,0.0,3,0.7071067811865475,0.7071067811865476,1
2026-01-07 03:02:00+00:00,0,0,0,0,0,0,0.0,3,0.7071067811865475,0.7071067811865476,1
2026-01-07 03:03:00+00:00,0,0,0,0,0,0,0.0,3,0.7071067811865475,0.7071067811865476,1
2026-01-07 03:04:00+00:00,0,0,0,0,0,0,0.0,3,0.7071067811865475,0.7071067811865476,1
2026-01-07 03:05:00+00:00,0,0,0,0,0,0,0.0,3,0.7071067811865475,0.7071067811865476,1
2026-01-07 03:06:00+00:00,0,0,0,0,0,0,0.0,3,0.7071067811865475,0.7071067811865476,1
2026-01-07 03:07:00+00:00,0,0,0,0,0,0,0.0,3,0.7071067811865475,0.7071067811865476,1
2026-01-07 03:08:00+00:00,0,0,0,0,0,0,0.0,3,0.7071067811865475,0.7071067811865476,1
2026-01-07 03:09:00+00:00,0,0,0,0,0,0,0.0,3,0.7071067811865475,0.7071067811865476,1
2026-01-07 03:10:00+00:00,0,0,0,0,0,0,0.0,3,0.7071067811865475,0.7071067811865476,1
2026-01-07 03:11:00+00:00,0,0,0,0,0,0,0.0,3,0.7071067811865475,0.7071067811865476,1
2026-01-07 03:12:00+00:00,0,0,0,0,0,0,0.0,3,0.7071067811865475,0.7071067811865476,1
2026-01-07 03:13:00+00:00,0,0,0,0,0,0,0.0,3,0.7071067811865475,0.7071067811865476,1
2026-01-07 03:14:00+00:00,0,0,0,0,0,0,0.0,3,0.7071067811865475,0.7071067811865476,1
2026-01-07 03:15:00+00:00,0,0,0,0,0,0,0.0,3,0.7071067811865475,0.7071067811865476,1
2026-01-07 03:16:00+00:00,0,0,0,0,0,0,0.0,3,0.7071067811865475,0.7071067811865476,1
2026-01-07 03:17:00+00:00,0,0,0,0,0,0,0.0,3,0.7071067811865475,0.7071067811865476,1
2026-01-07 03:18:00+00:00,0,0,0,0,0,0,0.0,3,0.7071067811865475,0.7071067811865476,1
2026-01-07 03:19:00+00:00,0,0,0,0,0,0,0.0,3,0.7071067811865475,0.7071067811865476,1
2026-01-07 03:20:00+00:00,0,0,0,0,0,0,0.0,3,0.7071067811865475,0.7071067811865476,1
2026-01-07 03:21:00+00:00,0,0,0,0,0,0,0.0,3,0.7071067811865475,0.7071067811865476,1
2026-01-07 03:22:00+00:00,0,0,0,0,0,0,0.0,3,0.7071067811865475,0.7071067811865476,1
2026-01-07 03:23:00+00:00,0,0,0,0,0,0,0.0,3,0.7071067811865475,0.7071067811865476,1
2026-01-07 03:24:00+00:00,0,0,0,0,0,0,0.0,3,0.7071067811865475,0.7071067811865476,1
2026-01-07 03:25:00+00:00,0,0,0,0,0,0,0.0,3,0.7071067811865475,0.7071067811865476,1
2026-01-07 03:26:00+00:00,0,0,0,0,0,0,0.0,3,0.7071067811865475,0.7071067811865476,1
2026-01-07 03:27:00+00:00,0,0,0,0,0,0,0.0,3,0.7071067811865475,0.7071067811865476,1
2026-01-07 03:28:00+00:00,0,0,0,0,0,0,0.0,3,0.7071067811865475,0.7071067811865476,1
2026-01-07 03:29:00+00:00,0,0,0,0,0,0,0.0,3,0.7071067811865475,0.7071067811865476,1
2026-01-07 03:30:00+00:00,0,0,0,0,0,0,0.0,3,0.7071067811865475,0.7071067811865476,1
2026-01-07 03:31:00+00:00,0,0,0,0,0,0,0.0,3,0.7071067811865475,0.7071067811865476,1
2026-01-07 03:32:00+00:00,0,0,0,0,0,0,0.0,3,0.7071067811865475,0.7071067811865476,1
2026-01-07 03:33:00+00:00,0,0,0,0,0,0,0.0,3,0.7071067811865475,0.7071067811865476,1
2026-01-07 03:34:00+00:00,0,0,0,0,0,0,0.0,3,0.7071067811865475,0.7071067811865476,1
2026-01-07 03:35:00+00:00,0,0,0,0,0,0,0.0,3,0.7071067811865475,0.7071067811865476,1
2026-01-07 03:36:00+00:00,0,0,0,0,0,0,0.0,3,0.7071067811865475,0.7071067811865476,1
2026-01-07 03:37:00+00:00,0,0,0,0,0,0,0.0,3,0.7071067811865475,0.7071067811865476,1
2026-01-07 03:38:00+00:00,0,0,0,0,0,0,0.0,3,0.7071067811865475,0.7071067811865476,1
2026-01-07 03:39:00+00:00,0,0,0,0,0,0,0.0,3,0.7071067811865475,0.7071067811865476,1
2026-01-07 03:40:00+00:00,0,0,0,0,0,0,0.0,3,0.7071067811865475,0.7071067811865476,1
2026-01-07 03:41:00+00:00,0,0,0,0,0,0,0.0,3,0.7071067811865475,0.7071067811865476,1
2026-01-07 03:42:00+00:00,0,0,0,0,0,0,0.0,3,0.7071067811865475,0.7071067811865476,1
2026-01-07 03:43:00+00:00,0,0,0,0,0,0,0.0,3,0.7071067811865475,0.7071067811865476,1
2026-01-07 03:44:00+00:00,0,0,0,0,0,0,0.0,3,0.7071067811865475,0.7071067811865476,1
2026-01-07 03:45:00+00:00,0,0,0,0,0,0,0.0,3,0.7071067811865475,0.7071067811865476,1
2026-01-07 03:46:00+00:00,0,0,0,0,0,0,0.0,3,0.7071067811865475,0.7071067811865476,1
2026-01-07 03:47:00+00:00,0,0,0,0,0,0,0.0,3,0.7071067811865475,0.7071067811865476,1
2026-01-07 03:48:00+00:00,0,0,0,0,0,0,0.0,3,0.7071067811865475,0.7071067811865476,1
2026-01-07 03:49:00+00:00,0,0,0,0,0,0,0.0,3,0.7071067811865475,0.7071067811865476,1
2026-01-07 03:50:00+00:00,0,0,0,0,0,0,0.0,3,0.7071067811865475,0.7071067811865476,1
2026-01-07 03:51:00+00:00,0,0,0,0,0,0,0.0,3,0.7071067811865475,0.7071067811865476,1
2026-01-07 03:52:00+00:00,0,0,0,0,0,0,0.0,3,0.7071067811865475,0.7071067811865476,1
2026-01-07 03:53:00+00:00,0,0,0,0,0,0,0.0,3,0.7071067811865475,0.7071067811865476,1
2026-01-07 03:54:00+00:00,0,0,0,0,0,0,0.0,3,0.7071067811865475,0.7071067811865476,1
2026-01-07 03:55:00+00:00,0,0,0,0,0,0,0.0,3,0.7071067811865475,0.7071067811865476,1
2026-01-07 03:56:00+00:00,0,0,0,0,0,0,0.0,3,0.7071067811865475,0.7071067811865476,1
2026-01-07 03:57:00+00:00,0,0,0,0,0,0,0.0,3,0.7071067811865475,0.7071067811865476,1
2026-01-07 03:58:00+00:00,0,0,0,0,0,0,0.0,3,0.7071067811865475,0.7071067811865476,1
2026-01-07 03:59:00+00:00,0,0,0,0,0,0,0.0,3,0.7071067811865475,0.7071067811865476,1
2026-01-07 04:00:00+00:00,0,0,0,0,0,0,0.0,4,0.8660254037844386,0.5000000000000001,1
2026-01-07 04:01:00+00:00,0,0,0,0,0,0,0.0,4,0.8660254037844386,0.5000000000000001,1
2026-01-07 04:02:00+00:00,0,0,0,0,0,0,0.0,4,0.8660254037844386,0.5000000000000001,1
2026-01-07 04:03:00+00:00,0,0,0,0,0,0,0.0,4,0.8660254037844386,0.5000000000000001,1
2026-01-07 04:04:00+00:00,0,0,0,0,0,0,0.0,4,0.8660254037844386,0.5000000000000001,1
2026-01-07 04:05:00+00:00,0,0,0,0,0,0,0.0,4,0.8660254037844386,0.5000000000000001,1
2026-01-07 04:06:00+00:00,0,0,0,0,0,0,0.0,4,0.8660254037844386,0.5000000000000001,1
2026-01-07 04:07:00+00:00,0,0,0,0,0,0,0.0,4,0.8660254037844386,0.5000000000000001,1
2026-01-07 04:08:00+00:00,0,0,0,0,0,0,0.0,4,0.8660254037844386,0.5000000000000001,1
2026-01-07 04:09:00+00:00,0,0,0,0,0,0,0.0,4,0.8660254037844386,0.5000000000000001,1
2026-01-07 04:10:00+00:00,0,0,0,0,0,0,0.0,4,0.8660254037844386,0.5000000000000001,1
2026-01-07 04:11:00+00:00,0,0,0,0,0,0,0.0,4,0.8660254037844386,0.5000000000000001,1
2026-01-07 04:12:00+00:00,0,0,0,0,0,0,0.0,4,0.8660254037844386,0.5000000000000001,1
2026-01-07 04:13:00+00:00,0,0,0,0,0,0,0.0,4,0.8660254037844386,0.5000000000000001,1
2026-01-07 04:14:00+00:00,0,0,0,0,0,0,0.0,4,0.8660254037844386,0.5000000000000001,1
2026-01-07 04:15:00+00:00,0,0,0,0,0,0,0.0,4,0.8660254037844386,0.5000000000000001,1
2026-01-07 04:16:00+00:00,0,0,0,0,0,0,0.0,4,0.8660254037844386,0.5000000000000001,1
2026-01-07 04:17:00+00:00,0,0,0,0,0,0,0.0,4,0.8660254037844386,0.5000000000000001,1
2026-01-07 04:18:00+00:00,0,0,0,0,0,0,0.0,4,0.8660254037844386,0.5000000000000001,1
2026-01-07 04:19:00+00:00,0,0,0,0,0,0,0.0,4,0.8660254037844386,0.5000000000000001,1
2026-01-07 04:20:00+00:00,0,0,0,0,0,0,0.0,4,0.8660254037844386,0.5000000000000001,1
2026-01-07 04:21:00+00:00,0,0,0,0,0,0,0.0,4,0.8660254037844386,0.5000000000000001,1
2026-01-07 04:22:00+00:00,0,0,0,0,0,0,0.0,4,0.8660254037844386,0.5000000000000001,1
2026-01-07 04:23:00+00:00,0,0,0,0,0,0,0.0,4,0.8660254037844386,0.5000000000000001,1
2026-01-07 04:24:00+00:00,0,0,0,0,0,0,0.0,4,0.8660254037844386,0.5000000000000001,1
2026-01-07 04:25:00+00:00,0,0,0,0,0,0,0.0,4,0.8660254037844386,0.5000000000000001,1
2026-01-07 04:26:00+00:00,0,0,0,0,0,0,0.0,4,0.8660254037844386,0.5000000000000001,1
2026-01-07 04:27:00+00:00,0,0,0,0,0,0,0.0,4,0.8660254037844386,0.5000000000000001,1
2026-01-07 04:28:00+00:00,0,0,0,0,0,0,0.0,4,0.8660254037844386,0.5000000000000001,1
2026-01-07 04:29:00+00:00,0,0,0,0,0,0,0.0,4,0.8660254037844386,0.5000000000000001,1
2026-01-07 04:30:00+00:00,0,0,0,0,0,0,0.0,4,0.8660254037844386,0.5000000000000001,1
2026-01-07 04:31:00+00:00,0,0,0,0,0,0,0.0,4,0.8660254037844386,0.5000000000000001,1
2026-01-07 04:32:00+00:00,0,0,0,0,0,0,0.0,4,0.8660254037844386,0.5000000000000001,1
2026-01-07 04:33:00+00:00,0,0,0,0,0,0,0.0,4,0.8660254037844386,0.5000000000000001,1
2026-01-07 04:34:00+00:00,0,0,0,0,0,0,0.0,4,0.8660254037844386,0.5000000000000001,1
2026-01-07 04:35:00+00:00,0,0,0,0,0,0,0.0,4,0.8660254037844386,0.5000000000000001,1
2026-01-07 04:36:00+00:00,0,0,0,0,0,0,0.0,4,0.8660254037844386,0.5000000000000001,1
2026-01-07 04:37:00+00:00,0,0,0,0,0,0,0.0,4,0.8660254037844386,0.5000000000000001,1
2026-01-07 04:38:00+00:00,0,0,0,0,0,0,0.0,4,0.8660254037844386,0.5000000000000001,1
2026-01-07 04:39:00+00:00,0,0,0,0,0,0,0.0,4,0.8660254037844386,0.5000000000000001,1
2026-01-07 04:40:00+00:00,0,0,0,0,0,0,0.0,4,0.8660254037844386,0.5000000000000001,1
2026-01-07 04:41:00+00:00,0,0,0,0,0,0,0.0,4,0.8660254037844386,0.5000000000000001,1
2026-01-07 04:42:00+00:00,0,0,0,0,0,0,0.0,4,0.8660254037844386,0.5000000000000001,1
2026-01-07 04:43:00+00:00,0,0,0,0,0,0,0.0,4,0.8660254037844386,0.5000000000000001,1
2026-01-07 04:44:00+00:00,0,0,0,0,0,0,0.0,4,0.8660254037844386,0.5000000000000001,1
2026-01-07 04:45:00+00:00,0,0,0,0,0,0,0.0,4,0.8660254037844386,0.5000000000000001,1
2026-01-07 04:46:00+00:00,0,0,0,0,0,0,0.0,4,0.8660254037844386,0.5000000000000001,1
2026-01-07 04:47:00+00:00,0,0,0,0,0,0,0.0,4,0.8660254037844386,0.5000000000000001,1
2026-01-07 04:48:00+00:00,0,0,0,0,0,0,0.0,4,0.8660254037844386,0.5000000000000001,1
2026-01-07 04:49:00+00:00,0,0,0,0,0,0,0.0,4,0.8660254037844386,0.5000000000000001,1
2026-01-07 04:50:00+00:00,0,0,0,0,0,0,0.0,4,0.8660254037844386,0.5000000000000001,1
2026-01-07 04:51:00+00:00,0,0,0,0,0,0,0.0,4,0.8660254037844386,0.5000000000000001,1
2026-01-07 04:52:00+00:00,0,0,0,0,0,0,0.0,4,0.8660254037844386,0.5000000000000001,1
2026-01-07 04:53:00+00:00,0,0,0,0,0,0,0.0,4,0.8660254037844386,0.5000000000000001,1
2026-01-07 04:54:00+00:00,0,0,0,0,0,0,0.0,4,0.8660254037844386,0.5000000000000001,1
2026-01-07 04:55:00+00:00,0,0,0,0,0,0,0.0,4,0.8660254037844386,0.5000000000000001,1
2026-01-07 04:56:00+00:00,0,0,0,0,0,0,0.0,4,0.8660254037844386,0.5000000000000001,1
2026-01-07 04:57:00+00:00,0,0,0,0,0,0,0.0,4,0.8660254037844386,0.5000000000000001,1
2026-01-07 04:58:00+00:00,0,0,0,0,0,0,0.0,4,0.8660254037844386,0.5000000000000001,1
2026-01-07 04:59:00+00:00,0,0,0,0,0,0,0.0,4,0.8660254037844386,0.5000000000000001,1
2026-01-07 05:00:00+00:00,0,0,0,0,0,0,0.0,5,0.9659258262890683,0.25881904510252074,1
2026-01-07 05:01:00+00:00,0,0,0,0,0,0,0.0,5,0.9659258262890683,0.25881904510252074,1
2026-01-07 05:02:00+00:00,0,0,0,0,0,0,0.0,5,0.9659258262890683,0.25881904510252074,1
2026-01-07 05:03:00+00:00,0,0,0,0,0,0,0.0,5,0.9659258262890683,0.25881904510252074,1
2026-01-07 05:04:00+00:00,0,0,0,0,0,0,0.0,5,0.9659258262890683,0.25881904510252074,1
2026-01-07 05:05:00+00:00,0,0,0,0,0,0,0.0,5,0.9659258262890683,0.25881904510252074,1
2026-01-07 05:06:00+00:00,0,0,0,0,0,0,0.0,5,0.9659258262890683,0.25881904510252074,1
2026-01-07 05:07:00+00:00,0,0,0,0,0,0,0.0,5,0.9659258262890683,0.25881904510252074,1
2026-01-07 05:08:00+00:00,0,0,0,0,0,0,0.0,5,0.9659258262890683,0.25881904510252074,1
2026-01-07 05:09:00+00:00,0,0,0,0,0,0,0.0,5,0.9659258262890683,0.25881904510252074,1
2026-01-07 05:10:00+00:00,0,0,0,0,0,0,0.0,5,0.9659258262890683,0.25881904510252074,1
2026-01-07 05:11:00+00:00,0,0,0,0,0,0,0.0,5,0.9659258262890683,0.25881904510252074,1
2026-01-07 05:12:00+00:00,0,0,0,0,0,0,0.0,5,0.9659258262890683,0.25881904510252074,1
2026-01-07 05:13:00+00:00,0,0,0,0,0,0,0.0,5,0.9659258262890683,0.25881904510252074,1
2026-01-07 05:14:00+00:00,0,0,0,0,0,0,0.0,5,0.9659258262890683,0.25881904510252074,1
2026-01-07 05:15:00+00:00,0,0,0,0,0,0,0.0,5,0.9659258262890683,0.25881904510252074,1
2026-01-07 05:16:00+00:00,0,0,0,0,0,0,0.0,5,0.9659258262890683,0.25881904510252074,1
2026-01-07 05:17:00+00:00,0,0,0,0,0,0,0.0,5,0.9659258262890683,0.25881904510252074,1
2026-01-07 05:18:00+00:00,0,0,0,0,0,0,0.0,5,0.9659258262890683,0.25881904510252074,1
2026-01-07 05:19:00+00:00,0,0,0,0,0,0,0.0,5,0.9659258262890683,0.25881904510252074,1
2026-01-07 05:20:00+00:00,0,0,0,0,0,0,0.0,5,0.9659258262890683,0.25881904510252074,1
2026-01-07 05:21:00+00:00,0,0,0,0,0,0,0.0,5,0.9659258262890683,0.25881904510252074,1
2026-01-07 05:22:00+00:00,0,0,0,0,0,0,0.0,5,0.9659258262890683,0.25881904510252074,1
2026-01-07 05:23:00+00:00,0,0,0,0,0,0,0.0,5,0.9659258262890683,0.25881904510252074,1
2026-01-07 05:24:00+00:00,0,0,0,0,0,0,0.0,5,0.9659258262890683,0.25881904510252074,1
2026-01-07 05:25:00+00:00,0,0,0,0,0,0,0.0,5,0.9659258262890683,0.25881904510252074,1
2026-01-07 05:26:00+00:00,0,0,0,0,0,0,0.0,5,0.9659258262890683,0.25881904510252074,1
2026-01-07 05:27:00+00:00,0,0,0,0,0,0,0.0,5,0.9659258262890683,0.25881904510252074,1
2026-01-07 05:28:00+00:00,0,0,0,0,0,0,0.0,5,0.9659258262890683,0.25881904510252074,1
2026-01-07 05:29:00+00:00,0,0,0,0,0,0,0.0,5,0.9659258262890683,0.25881904510252074,1
2026-01-07 05:30:00+00:00,0,0,0,0,0,0,0.0,5,0.9659258262890683,0.25881904510252074,1
2026-01-07 05:31:00+00:00,0,0,0,0,0,0,0.0,5,0.9659258262890683,0.25881904510252074,1
2026-01-07 05:32:00+00:00,0,0,0,0,0,0,0.0,5,0.9659258262890683,0.25881904510252074,1
2026-01-07 05:33:00+00:00,0,0,0,0,0,0,0.0,5,0.9659258262890683,0.25881904510252074,1
2026-01-07 05:34:00+00:00,0,0,0,0,0,0,0.0,5,0.9659258262890683,0.25881904510252074,1
2026-01-07 05:35:00+00:00,0,0,0,0,0,0,0.0,5,0.9659258262890683,0.25881904510252074,1
2026-01-07 05:36:00+00:00,0,0,0,0,0,0,0.0,5,0.9659258262890683,0.25881904510252074,1
2026-01-07 05:37:00+00:00,0,0,0,0,0,0,0.0,5,0.9659258262890683,0.25881904510252074,1
2026-01-07 05:38:00+00:00,0,0,0,0,0,0,0.0,5,0.9659258262890683,0.25881904510252074,1
2026-01-07 05:39:00+00:00,0,0,0,0,0,0,0.0,5,0.9659258262890683,0.25881904510252074,1
2026-01-07 05:40:00+00:00,0,0,0,0,0,0,0.0,5,0.9659258262890683,0.25881904510252074,1
2026-01-07 05:41:00+00:00,0,0,0,0,0,0,0.0,5,0.9659258262890683,0.25881904510252074,1
2026-01-07 05:42:00+00:00,0,0,0,0,0,0,0.0,5,0.9659258262890683,0.25881904510252074,1
2026-01-07 05:43:00+00:00,0,0,0,0,0,0,0.0,5,0.9659258262890683,0.25881904510252074,1
2026-01-07 05:44:00+00:00,0,0,0,0,0,0,0.0,5,0.9659258262890683,0.25881904510252074,1
2026-01-07 05:45:00+00:00,0,0,0,0,0,0,0.0,5,0.9659258262890683,0.25881904510252074,1
2026-01-07 05:46:00+00:00,0,0,0,0,0,0,0.0,5,0.9659258262890683,0.25881904510252074,1
2026-01-07 05:47:00+00:00,0,0,0,0,0,0,0.0,5,0.9659258262890683,0.25881904510252074,1
2026-01-07 05:48:00+00:00,0,0,0,0,0,0,0.0,5,0.9659258262890683,0.25881904510252074,1
2026-01-07 05:49:00+00:00,0,0,0,0,0,0,0.0,5,0.9659258262890683,0.25881904510252074,1
2026-01-07 05:50:00+00:00,0,0,0,0,0,0,0.0,5,0.9659258262890683,0.25881904510252074,1
2026-01-07 05:51:00+00:00,0,0,0,0,0,0,0.0,5,0.9659258262890683,0.25881904510252074,1
2026-01-07 05:52:00+00:00,0,0,0,0,0,0,0.0,5,0.9659258262890683,0.25881904510252074,1
2026-01-07 05:53:00+00:00,0,0,0,0,0,0,0.0,5,0.9659258262890683,0.25881904510252074,1
2026-01-07 05:54:00+00:00,0,0,0,0,0,0,0.0,5,0.9659258262890683,0.25881904510252074,1
2026-01-07 05:55:00+00:00,0,0,0,0,0,0,0.0,5,0.9659258262890683,0.25881904510252074,1
2026-01-07 05:56:00+00:00,0,0,0,0,0,0,0.0,5,0.9659258262890683,0.25881904510252074,1
2026-01-07 05:57:00+00:00,0,0,0,0,0,0,0.0,5,0.9659258262890683,0.25881904510252074,1
2026-01-07 05:58:00+00:00,0,0,0,0,0,0,0.0,5,0.9659258262890683,0.25881904510252074,1
2026-01-07 05:59:00+00:00,0,0,0,0,0,0,0.0,5,0.9659258262890683,0.25881904510252074,1
2026-01-07 06:00:00+00:00,0,0,0,0,0,0,0.0,6,1.0,6.123233995736766e-17,1
2026-01-07 06:01:00+00:00,0,0,0,0,0,0,0.0,6,1.0,6.123233995736766e-17,1
2026-01-07 06:02:00+00:00,0,0,0,0,0,0,0.0,6,1.0,6.123233995736766e-17,1
2026-01-07 06:03:00+00:00,0,0,0,0,0,0,0.0,6,1.0,6.123233995736766e-17,1
2026-01-07 06:04:00+00:00,0,0,0,0,0,0,0.0,6,1.0,6.123233995736766e-17,1
2026-01-07 06:05:00+00:00,0,0,0,0,0,0,0.0,6,1.0,6.123233995736766e-17,1
2026-01-07 06:06:00+00:00,0,0,0,0,0,0,0.0,6,1.0,6.123233995736766e-17,1
2026-01-07 06:07:00+00:00,0,0,0,0,0,0,0.0,6,1.0,6.123233995736766e-17,1
2026-01-07 06:08:00+00:00,0,0,0,0,0,0,0.0,6,1.0,6.123233995736766e-17,1
2026-01-07 06:09:00+00:00,0,0,0,0,0,0,0.0,6,1.0,6.123233995736766e-17,1
2026-01-07 06:10:00+00:00,0,0,0,0,0,0,0.0,6,1.0,6.123233995736766e-17,1
2026-01-07 06:11:00+00:00,0,0,0,0,0,0,0.0,6,1.0,6.123233995736766e-17,1
2026-01-07 06:12:00+00:00,0,0,0,0,0,0,0.0,6,1.0,6.123233995736766e-17,1
2026-01-07 06:13:00+00:00,0,0,0,0,0,0,0.0,6,1.0,6.123233995736766e-17,1
2026-01-07 06:14:00+00:00,0,0,0,0,0,0,0.0,6,1.0,6.123233995736766e-17,1
2026-01-07 06:15:00+00:00,0,0,0,0,0,0,0.0,6,1.0,6.123233995736766e-17,1
2026-01-07 06:16:00+00:00,0,0,0,0,0,0,0.0,6,1.0,6.123233995736766e-17,1
2026-01-07 06:17:00+00:00,0,0,0,0,0,0,0.0,6,1.0,6.123233995736766e-17,1
2026-01-07 06:18:00+00:00,0,0,0,0,0,0,0.0,6,1.0,6.123233995736766e-17,1
2026-01-07 06:19:00+00:00,0,0,0,0,0,0,0.0,6,1.0,6.123233995736766e-17,1
2026-01-07 06:20:00+00:00,0,0,0,0,0,0,0.0,6,1.0,6.123233995736766e-17,1
2026-01-07 06:21:00+00:00,0,0,0,0,0,0,0.0,6,1.0,6.123233995736766e-17,1
2026-01-07 06:22:00+00:00,0,0,0,0,0,0,0.0,6,1.0,6.123233995736766e-17,1
2026-01-07 06:23:00+00:00,0,0,0,0,0,0,0.0,6,1.0,6.123233995736766e-17,1
2026-01-07 06:24:00+00:00,0,0,0,0,0,0,0.0,6,1.0,6.123233995736766e-17,1
2026-01-07 06:25:00+00:00,0,0,0,0,0,0,0.0,6,1.0,6.123233995736766e-17,1
2026-01-07 06:26:00+00:00,0,0,0,0,0,0,0.0,6,1.0,6.123233995736766e-17,1
2026-01-07 06:27:00+00:00,0,0,0,0,0,0,0.0,6,1.0,6.123233995736766e-17,1
2026-01-07 06:28:00+00:00,0,0,0,0,0,0,0.0,6,1.0,6.123233995736766e-17,1
2026-01-07 06:29:00+00:00,0,0,0,0,0,0,0.0,6,1.0,6.123233995736766e-17,1
2026-01-07 06:30:00+00:00,0,0,0,0,0,0,0.0,6,1.0,6.123233995736766e-17,1
2026-01-07 06:31:00+00:00,0,0,0,0,0,0,0.0,6,1.0,6.123233995736766e-17,1
2026-01-07 06:32:00+00:00,0,0,0,0,0,0,0.0,6,1.0,6.123233995736766e-17,1
2026-01-07 06:33:00+00:00,0,0,0,0,0,0,0.0,6,1.0,6.123233995736766e-17,1
2026-01-07 06:34:00+00:00,0,0,0,0,0,0,0.0,6,1.0,6.123233995736766e-17,1
2026-01-07 06:35:00+00:00,0,0,0,0,0,0,0.0,6,1.0,6.123233995736766e-17,1
2026-01-07 06:36:00+00:00,0,0,0,0,0,0,0.0,6,1.0,6.123233995736766e-17,1
2026-01-07 06:37:00+00:00,0,0,0,0,0,0,0.0,6,1.0,6.123233995736766e-17,1
2026-01-07 06:38:00+00:00,0,0,0,0,0,0,0.0,6,1.0,6.123233995736766e-17,1
2026-01-07 06:39:00+00:00,0,0,0,0,0,0,0.0,6,1.0,6.123233995736766e-17,1
2026-01-07 06:40:00+00:00,0,0,0,0,0,0,0.0,6,1.0,6.123233995736766e-17,1
2026-01-07 06:41:00+00:00,0,0,0,0,0,0,0.0,6,1.0,6.123233995736766e-17,1
2026-01-07 06:42:00+00:00,0,0,0,0,0,0,0.0,6,1.0,6.123233995736766e-17,1
2026-01-07 06:43:00+00:00,0,0,0,0,0,0,0.0,6,1.0,6.123233995736766e-17,1
2026-01-07 06:44:00+00:00,0,0,0,0,0,0,0.0,6,1.0,6.123233995736766e-17,1
2026-01-07 06:45:00+00:00,0,0,0,0,0,0,0.0,6,1.0,6.123233995736766e-17,1
2026-01-07 06:46:00+00:00,0,0,0,0,0,0,0.0,6,1.0,6.123233995736766e-17,1
2026-01-07 06:47:00+00:00,0,0,0,0,0,0,0.0,6,1.0,6.123233995736766e-17,1
2026-01-07 06:48:00+00:00,0,0,0,0,0,0,0.0,6,1.0,6.123233995736766e-17,1
2026-01-07 06:49:00+00:00,0,0,0,0,0,0,0.0,6,1.0,6.123233995736766e-17,1
2026-01-07 06:50:00+00:00,0,0,0,0,0,0,0.0,6,1.0,6.123233995736766e-17,1
2026-01-07 06:51:00+00:00,0,0,0,0,0,0,0.0,6,1.0,6.123233995736766e-17,1
2026-01-07 06:52:00+00:00,0,0,0,0,0,0,0.0,6,1.0,6.123233995736766e-17,1
2026-01-07 06:53:00+00:00,0,0,0,0,0,0,0.0,6,1.0,6.123233995736766e-17,1
2026-01-07 06:54:00+00:00,0,0,0,0,0,0,0.0,6,1.0,6.123233995736766e-17,1
2026-01-07 06:55:00+00:00,0,0,0,0,0,0,0.0,6,1.0,6.123233995736766e-17,1
2026-01-07 06:56:00+00:00,0,0,0,0,0,0,0.0,6,1.0,6.123233995736766e-17,1
2026-01-07 06:57:00+00:00,0,0,0,0,0,0,0.0,6,1.0,6.123233995736766e-17,1
2026-01-07 06:58:00+00:00,0,0,0,0,0,0,0.0,6,1.0,6.123233995736766e-17,1
2026-01-07 06:59:00+00:00,0,0,0,0,0,0,0.0,6,1.0,6.123233995736766e-17,1
2026-01-07 07:00:00+00:00,0,0,0,0,0,0,0.0,7,0.9659258262890683,-0.25881904510252063,1
2026-01-07 07:01:00+00:00,81,11,28,11,0,4,0.13580246913580246,7,0.9659258262890683,-0.25881904510252063,-1
2026-01-07 07:02:00+00:00,0,0,0,0,0,0,0.0,7,0.9659258262890683,-0.25881904510252063,1
2026-01-07 07:03:00+00:00,0,0,0,0,0,0,0.0,7,0.9659258262890683,-0.25881904510252063,1
2026-01-07 07:04:00+00:00,0,0,0,0,0,0,0.0,7,0.9659258262890683,-0.25881904510252063,1
2026-01-07 07:05:00+00:00,0,0,0,0,0,0,0.0,7,0.9659258262890683,-0.25881904510252063,1
2026-01-07 07:06:00+00:00,0,0,0,0,0,0,0.0,7,0.9659258262890683,-0.25881904510252063,1
2026-01-07 07:07:00+00:00,0,0,0,0,0,0,0.0,7,0.9659258262890683,-0.25881904510252063,1
2026-01-07 07:08:00+00:00,0,0,0,0,0,0,0.0,7,0.9659258262890683,-0.25881904510252063,1
2026-01-07 07:09:00+00:00,0,0,0,0,0,0,0.0,7,0.9659258262890683,-0.25881904510252063,1
2026-01-07 07:10:00+00:00,0,0,0,0,0,0,0.0,7,0.9659258262890683,-0.25881904510252063,1
2026-01-07 07:11:00+00:00,0,0,0,0,0,0,0.0,7,0.9659258262890683,-0.25881904510252063,1
2026-01-07 07:12:00+00:00,0,0,0,0,0,0,0.0,7,0.9659258262890683,-0.25881904510252063,1
2026-01-07 07:13:00+00:00,0,0,0,0,0,0,0.0,7,0.9659258262890683,-0.25881904510252063,1
2026-01-07 07:14:00+00:00,0,0,0,0,0,0,0.0,7,0.9659258262890683,-0.25881904510252063,1
2026-01-07 07:15:00+00:00,0,0,0,0,0,0,0.0,7,0.9659258262890683,-0.25881904510252063,1
2026-01-07 07:16:00+00:00,0,0,0,0,0,0,0.0,7,0.9659258262890683,-0.25881904510252063,1
2026-01-07 07:17:00+00:00,0,0,0,0,0,0,0.0,7,0.9659258262890683,-0.25881904510252063,1
2026-01-07 07:18:00+00:00,0,0,0,0,0,0,0.0,7,0.9659258262890683,-0.25881904510252063,1
2026-01-07 07:19:00+00:00,23,3,8,3,0,1,0.13043478260869565,7,0.9659258262890683,-0.25881904510252063,-1
2026-01-07 07:20:00+00:00,0,0,0,0,0,0,0.0,7,0.9659258262890683,-0.25881904510252063,1
2026-01-07 07:21:00+00:00,0,0,0,0,0,0,0.0,7,0.9659258262890683,-0.25881904510252063,1
2026-01-07 07:22:00+00:00,0,0,0,0,0,0,0.0,7,0.9659258262890683,-0.25881904510252063,1
2026-01-07 07:23:00+00:00,12,2,4,2,0,1,0.16666666666666666,7,0.9659258262890683,-0.25881904510252063,-1
2026-01-07 07:24:00+00:00,0,0,0,0,0,0,0.0,7,0.9659258262890683,-0.25881904510252063,1
2026-01-07 07:25:00+00:00,0,0,0,0,0,0,0.0,7,0.9659258262890683,-0.25881904510252063,1
2026-01-07 07:26:00+00:00,0,0,0,0,0,0,0.0,7,0.9659258262890683,-0.25881904510252063,1
2026-01-07 07:27:00+00:00,0,0,0,0,0,0,0.0,7,0.9659258262890683,-0.25881904510252063,1
2026-01-07 07:28:00+00:00,0,0,0,0,0,0,0.0,7,0.9659258262890683,-0.25881904510252063,1
2026-01-07 07:29:00+00:00,0,0,0,0,0,0,0.0,7,0.9659258262890683,-0.25881904510252063,1
2026-01-07 07:30:00+00:00,0,0,0,0,0,0,0.0,7,0.9659258262890683,-0.25881904510252063,1
2026-01-07 07:31:00+00:00,12,2,4,2,0,1,0.16666666666666666,7,0.9659258262890683,-0.25881904510252063,-1
2026-01-07 07:32:00+00:00,24,4,8,4,0,2,0.16666666666666666,7,0.9659258262890683,-0.25881904510252063,-1
2026-01-07 07:33:00+00:00,24,4,8,4,0,2,0.16666666666666666,7,0.9659258262890683,-0.25881904510252063,-1
2026-01-07 07:34:00+00:00,0,0,0,0,0,0,0.0,7,0.9659258262890683,-0.25881904510252063,1
2026-01-07 07:35:00+00:00,12,2,4,2,0,1,0.16666666666666666,7,0.9659258262890683,-0.25881904510252063,-1
2026-01-07 07:36:00+00:00,0,0,0,0,0,0,0.0,7,0.9659258262890683,-0.25881904510252063,1
2026-01-07 07:37:00+00:00,0,0,0,0,0,0,0.0,7,0.9659258262890683,-0.25881904510252063,1
2026-01-07 07:38:00+00:00,0,0,0,0,0,0,0.0,7,0.9659258262890683,-0.25881904510252063,1
2026-01-07 07:39:00+00:00,23,3,8,3,0,1,0.13043478260869565,7,0.9659258262890683,-0.25881904510252063,-1
2026-01-07 07:40:00+00:00,0,0,0,0,0,0,0.0,7,0.9659258262890683,-0.25881904510252063,1
2026-01-07 07:41:00+00:00,0,0,0,0,0,0,0.0,7,0.9659258262890683,-0.25881904510252063,1
2026-01-07 07:42:00+00:00,0,0,0,0,0,0,0.0,7,0.9659258262890683,-0.25881904510252063,1
2026-01-07 07:43:00+00:00,0,0,0,0,0,0,0.0,7,0.9659258262890683,-0.25881904510252063,1
2026-01-07 07:44:00+00:00,0,0,0,0,0,0,0.0,7,0.9659258262890683,-0.25881904510252063,1
2026-01-07 07:45:00+00:00,0,0,0,0,0,0,0.0,7,0.9659258262890683,-0.25881904510252063,1
2026-01-07 07:46:00+00:00,35,5,12,5,0,2,0.14285714285714285,7,0.9659258262890683,-0.25881904510252063,-1
2026-01-07 07:47:00+00:00,0,0,0,0,0,0,0.0,7,0.9659258262890683,-0.25881904510252063,1
2026-01-07 07:48:00+00:00,0,0,0,0,0,0,0.0,7,0.9659258262890683,-0.25881904510252063,1
2026-01-07 07:49:00+00:00,0,0,0,0,0,0,0.0,7,0.9659258262890683,-0.25881904510252063,1
2026-01-07 07:50:00+00:00,0,0,0,0,0,0,0.0,7,0.9659258262890683,-0.25881904510252063,1
2026-01-07 07:51:00+00:00,12,2,4,2,0,1,0.16666666666666666,7,0.9659258262890683,-0.25881904510252063,-1
2026-01-07 07:52:00+00:00,0,0,0,0,0,0,0.0,7,0.9659258262890683,-0.25881904510252063,1
2026-01-07 07:53:00+00:00,0,0,0,0,0,0,0.0,7,0.9659258262890683,-0.25881904510252063,1
2026-01-07 07:54:00+00:00,0,0,0,0,0,0,0.0,7,0.9659258262890683,-0.25881904510252063,1
2026-01-07 07:55:00+00:00,0,0,0,0,0,0,0.0,7,0.9659258262890683,-0.25881904510252063,1
2026-01-07 07:56:00+00:00,0,0,0,0,0,0,0.0,7,0.9659258262890683,-0.25881904510252063,1
2026-01-07 07:57:00+00:00,0,0,0,0,0,0,0.0,7,0.9659258262890683,-0.25881904510252063,1
2026-01-07 07:58:00+00:00,0,0,0,0,0,0,0.0,7,0.9659258262890683,-0.25881904510252063,1
2026-01-07 07:59:00+00:00,0,0,0,0,0,0,0.0,7,0.9659258262890683,-0.25881904510252063,1
2026-01-07 08:00:00+00:00,5,1,0,1,3,1,0.2,8,0.8660254037844387,-0.49999999999999983,1
2026-01-07 08:01:00+00:00,0,0,0,0,0,0,0.0,8,0.8660254037844387,-0.49999999999999983,1
2026-01-07 08:02:00+00:00,0,0,0,0,0,0,0.0,8,0.8660254037844387,-0.49999999999999983,1
2026-01-07 08:03:00+00:00,0,0,0,0,0,0,0.0,8,0.8660254037844387,-0.49999999999999983,1
2026-01-07 08:04:00+00:00,8,2,0,2,4,2,0.25,8,0.8660254037844387,-0.49999999999999983,-1
2026-01-07 08:05:00+00:00,2,0,0,0,2,1,0.0,8,0.8660254037844387,-0.49999999999999983,1
2026-01-07 08:06:00+00:00,0,0,0,0,0,0,0.0,8,0.8660254037844387,-0.49999999999999983,1
2026-01-07 08:07:00+00:00,0,0,0,0,0,0,0.0,8,0.8660254037844387,-0.49999999999999983,1
2026-01-07 08:08:00+00:00,0,0,0,0,0,0,0.0,8,0.8660254037844387,-0.49999999999999983,1
2026-01-07 08:09:00+00:00,10,2,0,2,6,2,0.2,8,0.8660254037844387,-0.49999999999999983,-1
2026-01-07 08:10:00+00:00,0,0,0,0,0,0,0.0,8,0.8660254037844387,-0.49999999999999983,1
2026-01-07 08:11:00+00:00,0,0,0,0,0,0,0.0,8,0.8660254037844387,-0.49999999999999983,1
2026-01-07 08:12:00+00:00,0,0,0,0,0,0,0.0,8,0.8660254037844387,-0.49999999999999983,1
2026-01-07 08:13:00+00:00,0,0,0,0,0,0,0.0,8,0.8660254037844387,-0.49999999999999983,1
2026-01-07 08:14:00+00:00,0,0,0,0,0,0,0.0,8,0.8660254037844387,-0.49999999999999983,1
2026-01-07 08:15:00+00:00,0,0,0,0,0,0,0.0,8,0.8660254037844387,-0.49999999999999983,1
2026-01-07 08:16:00+00:00,0,0,0,0,0,0,0.0,8,0.8660254037844387,-0.49999999999999983,1
2026-01-07 08:17:00+00:00,5,1,0,1,3,1,0.2,8,0.8660254037844387,-0.49999999999999983,1
2026-01-07 08:18:00+00:00,0,0,0,0,0,0,0.0,8,0.8660254037844387,-0.49999999999999983,1
2026-01-07 08:19:00+00:00,0,0,0,0,0,0,0.0,8,0.8660254037844387,-0.49999999999999983,1
2026-01-07 08:20:00+00:00,5,1,0,1,3,1,0.2,8,0.8660254037844387,-0.49999999999999983,1
2026-01-07 08:21:00+00:00,0,0,0,0,0,0,0.0,8,0.8660254037844387,-0.49999999999999983,1
2026-01-07 08:22:00+00:00,0,0,0,0,0,0,0.0,8,0.8660254037844387,-0.49999999999999983,1
2026-01-07 08:23:00+00:00,5,1,0,1,3,1,0.2,8,0.8660254037844387,-0.49999999999999983,1
2026-01-07 08:24:00+00:00,0,0,0,0,0,0,0.0,8,0.8660254037844387,-0.49999999999999983,1
2026-01-07 08:25:00+00:00,5,1,0,1,3,1,0.2,8,0.8660254037844387,-0.49999999999999983,1
2026-01-07 08:26:00+00:00,5,1,0,1,3,1,0.2,8,0.8660254037844387,-0.49999999999999983,1
2026-01-07 08:27:00+00:00,0,0,0,0,0,0,0.0,8,0.8660254037844387,-0.49999999999999983,1
2026-01-07 08:28:00+00:00,0,0,0,0,0,0,0.0,8,0.8660254037844387,-0.49999999999999983,1
2026-01-07 08:29:00+00:00,0,0,0,0,0,0,0.0,8,0.8660254037844387,-0.49999999999999983,1
2026-01-07 08:30:00+00:00,0,0,0,0,0,0,0.0,8,0.8660254037844387,-0.49999999999999983,1
2026-01-07 08:31:00+00:00,0,0,0,0,0,0,0.0,8,0.8660254037844387,-0.49999999999999983,1
2026-01-07 08:32:00+00:00,0,0,0,0,0,0,0.0,8,0.8660254037844387,-0.49999999999999983,1
2026-01-07 08:33:00+00:00,0,0,0,0,0,0,0.0,8,0.8660254037844387,-0.49999999999999983,1
2026-01-07 08:34:00+00:00,5,1,0,1,3,1,0.2,8,0.8660254037844387,-0.49999999999999983,1
2026-01-07 08:35:00+00:00,0,0,0,0,0,0,0.0,8,0.8660254037844387,-0.49999999999999983,1
2026-01-07 08:36:00+00:00,0,0,0,0,0,0,0.0,8,0.8660254037844387,-0.49999999999999983,1
2026-01-07 08:37:00+00:00,0,0,0,0,0,0,0.0,8,0.8660254037844387,-0.49999999999999983,1
2026-01-07 08:38:00+00:00,0,0,0,0,0,0,0.0,8,0.8660254037844387,-0.49999999999999983,1
2026-01-07 08:39:00+00:00,0,0,0,0,0,0,0.0,8,0.8660254037844387,-0.49999999999999983,1
2026-01-07 08:40:00+00:00,5,1,0,1,3,1,0.2,8,0.8660254037844387,-0.49999999999999983,1
2026-01-07 08:41:00+00:00,0,0,0,0,0,0,0.0,8,0.8660254037844387,-0.49999999999999983,1
2026-01-07 08:42:00+00:00,0,0,0,0,0,0,0.0,8,0.8660254037844387,-0.49999999999999983,1
2026-01-07 08:43:00+00:00,10,2,0,2,6,2,0.2,8,0.8660254037844387,-0.49999999999999983,-1
2026-01-07 08:44:00+00:00,0,0,0,0,0,0,0.0,8,0.8660254037844387,-0.49999999999999983,1
2026-01-07 08:45:00+00:00,0,0,0,0,0,0,0.0,8,0.8660254037844387,-0.49999999999999983,1
2026-01-07 08:46:00+00:00,0,0,0,0,0,0,0.0,8,0.8660254037844387,-0.49999999999999983,1
2026-01-07 08:47:00+00:00,0,0,0,0,0,0,0.0,8,0.8660254037844387,-0.49999999999999983,1
2026-01-07 08:48:00+00:00,0,0,0,0,0,0,0.0,8,0.8660254037844387,-0.49999999999999983,1
2026-01-07 08:49:00+00:00,0,0,0,0,0,0,0.0,8,0.8660254037844387,-0.49999999999999983,1
2026-01-07 08:50:00+00:00,15,2,0,3,7,2,0.13333333333333333,8,0.8660254037844387,-0.49999999999999983,-1
2026-01-07 08:51:00+00:00,20,4,0,4,12,4,0.2,8,0.8660254037844387,-0.49999999999999983,-1
2026-01-07 08:52:00+00:00,0,0,0,0,0,0,0.0,8,0.8660254037844387,-0.49999999999999983,1
2026-01-07 08:53:00+00:00,0,0,0,0,0,0,0.0,8,0.8660254037844387,-0.49999999999999983,1
2026-01-07 08:54:00+00:00,0,0,0,0,0,0,0.0,8,0.8660254037844387,-0.49999999999999983,1
2026-01-07 08:55:00+00:00,0,0,0,0,0,0,0.0,8,0.8660254037844387,-0.49999999999999983,1
2026-01-07 08:56:00+00:00,0,0,0,0,0,0,0.0,8,0.8660254037844387,-0.49999999999999983,1
2026-01-07 08:57:00+00:00,0,0,0,0,0,0,0.0,8,0.8660254037844387,-0.49999999999999983,1
2026-01-07 08:58:00+00:00,0,0,0,0,0,0,0.0,8,0.8660254037844387,-0.49999999999999983,1
2026-01-07 08:59:00+00:00,10,2,0,2,6,2,0.2,8,0.8660254037844387,-0.49999999999999983,-1
2026-01-07 09:00:00+00:00,71,12,16,12,0,9,0.16901408450704225,9,0.7071067811865476,-0.7071067811865475,-1
2026-01-07 09:01:00+00:00,195,24,58,32,0,15,0.12307692307692308,9,0.7071067811865476,-0.7071067811865475,-1
2026-01-07 09:02:00+00:00,62,14,6,14,0,13,0.22580645161290322,9,0.7071067811865476,-0.7071067811865475,-1
2026-01-07 09:03:00+00:00,133,22,32,22,0,16,0.16541353383458646,9,0.7071067811865476,-0.7071067811865475,-1
2026-01-07 09:04:00+00:00,154,27,30,31,0,23,0.17532467532467533,9,0.7071067811865476,-0.7071067811865475,-1
2026-01-07 09:05:00+00:00,75,16,10,16,0,15,0.21333333333333335,9,0.7071067811865476,-0.7071067811865475,-1
2026-01-07 09:06:00+00:00,130,29,12,29,0,27,0.2230769230769231,9,0.7071067811865476,-0.7071067811865475,-1
2026-01-07 09:07:00+00:00,80,17,12,17,0,17,0.2125,9,0.7071067811865476,-0.7071067811865475,-1
2026-01-07 09:08:00+00:00,97,20,14,20,0,17,0.20618556701030927,9,0.7071067811865476,-0.7071067811865475,-1
2026-01-07 09:09:00+00:00,31,8,0,8,0,8,0.25806451612903225,9,0.7071067811865476,-0.7071067811865475,-1
2026-01-07 09:10:00+00:00,141,22,34,27,0,16,0.15602836879432624,9,0.7071067811865476,-0.7071067811865475,-1
2026-01-07 09:11:00+00:00,130,24,24,24,0,20,0.18461538461538463,9,0.7071067811865476,-0.7071067811865475,-1
2026-01-07 09:12:00+00:00,56,11,12,11,0,8,0.19642857142857142,9,0.7071067811865476,-0.7071067811865475,-1
2026-01-07 09:13:00+00:00,92,18,16,18,0,15,0.1956521739130435,9,0.7071067811865476,-0.7071067811865475,-1
2026-01-07 09:14:00+00:00,154,27,30,27,0,23,0.17532467532467533,9,0.7071067811865476,-0.7071067811865475,-1
2026-01-07 09:15:00+00:00,178,32,32,32,0,28,0.1797752808988764,9,0.7071067811865476,-0.7071067811865475,-1
2026-01-07 09:16:00+00:00,53,12,6,12,0,12,0.22641509433962265,9,0.7071067811865476,-0.7071067811865475,-1
2026-01-07 09:17:00+00:00,85,15,18,15,0,12,0.17647058823529413,9,0.7071067811865476,-0.7071067811865475,-1
2026-01-07 09:18:00+00:00,56,12,6,12,0,12,0.21428571428571427,9,0.7071067811865476,-0.7071067811865475,-1
2026-01-07 09:19:00+00:00,77,15,14,15,0,12,0.19480519480519481,9,0.7071067811865476,-0.7071067811865475,-1
2026-01-07 09:20:00+00:00,131,24,24,28,0,20,0.183206106870229,9,0.7071067811865476,-0.7071067811865475,-1
2026-01-07 09:21:00+00:00,19,5,0,5,0,5,0.2631578947368421,9,0.7071067811865476,-0.7071067811865475,-1
